interval_start_utc,interval_end_utc,indoor_temperature_mean,indoor_temperature_min,indoor_temperature_max,indoor_temperature_samples,indoor_temperature_first_utc,indoor_temperature_last_utc,indoor_rh_mean,indoor_rh_min,indoor_rh_max,indoor_rh_samples,indoor_rh_first_utc,indoor_rh_last_utc,outdoor_temperature_mean,outdoor_temperature_min,outdoor_temperature_max,outdoor_temperature_samples,outdoor_temperature_first_utc,outdoor_temperature_last_utc,outdoor_rh_mean,outdoor_rh_min,outdoor_rh_max,outdoor_rh_samples,outdoor_rh_first_utc,outdoor_rh_last_utc
2017-12-29T00:00:00.000Z,2017-12-29T01:00:00.000Z,,,,0,,,,,,0,,,-0.6,-0.6,-0.6,4,2017-12-29T00:00:01Z,2017-12-29T00:45:01Z,94,94,94,4,2017-12-29T00:00:01Z,2017-12-29T00:45:01Z
2017-12-29T01:00:00.000Z,2017-12-29T02:00:00.000Z,,,,0,,,,,,0,,,-0.825,-0.9,-0.6,4,2017-12-29T01:00:08Z,2017-12-29T01:45:02Z,94,94,94,4,2017-12-29T01:00:08Z,2017-12-29T01:45:02Z
2017-12-29T02:00:00.000Z,2017-12-29T03:00:00.000Z,,,,0,,,,,,0,,,-1.4499999999999997,-1.6,-1.4,4,2017-12-29T02:00:02Z,2017-12-29T02:45:02Z,95,95,95,4,2017-12-29T02:00:02Z,2017-12-29T02:45:02Z
2017-12-29T03:00:00.000Z,2017-12-29T04:00:00.000Z,,,,0,,,,,,0,,,-1.0750000000000002,-1.6,0.5,4,2017-12-29T03:00:10Z,2017-12-29T03:45:03Z,91.25,80,95,4,2017-12-29T03:00:10Z,2017-12-29T03:45:03Z
2017-12-29T04:00:00.000Z,2017-12-29T05:00:00.000Z,,,,0,,,,,,0,,,-1.375,-2,0.5,4,2017-12-29T04:00:11Z,2017-12-29T04:45:01Z,92.75,80,97,4,2017-12-29T04:00:11Z,2017-12-29T04:45:01Z
2017-12-29T05:00:00.000Z,2017-12-29T06:00:00.000Z,,,,0,,,,,,0,,,-1.4749999999999999,-2,-1.3,4,2017-12-29T05:00:12Z,2017-12-29T05:45:01Z,97.75,97,98,4,2017-12-29T05:00:12Z,2017-12-29T05:45:01Z
2017-12-29T06:00:00.000Z,2017-12-29T07:00:00.000Z,,,,0,,,,,,0,,,-0.7000000000000001,-0.8,-0.4,4,2017-12-29T06:00:02Z,2017-12-29T06:45:02Z,96.5,95,97,4,2017-12-29T06:00:02Z,2017-12-29T06:45:02Z
2017-12-29T07:00:00.000Z,2017-12-29T08:00:00.000Z,,,,0,,,,,,0,,,-0.15000000000000002,-0.4,0.1,4,2017-12-29T07:00:01Z,2017-12-29T07:45:02Z,95.5,95,96,4,2017-12-29T07:00:01Z,2017-12-29T07:45:02Z
2017-12-29T08:00:00.000Z,2017-12-29T09:00:00.000Z,,,,0,,,,,,0,,,0.1,0.1,0.1,4,2017-12-29T08:00:02Z,2017-12-29T08:45:02Z,96,96,96,4,2017-12-29T08:00:02Z,2017-12-29T08:45:02Z
2017-12-29T09:00:00.000Z,2017-12-29T10:00:00.000Z,17.9,17.9,17.9,1,2017-12-29T09:40:29Z,2017-12-29T09:40:29Z,37.8,37.8,37.8,1,2017-12-29T09:40:29Z,2017-12-29T09:40:29Z,0.575,0.5,0.7,4,2017-12-29T09:00:08Z,2017-12-29T09:45:02Z,94.5,94,95,4,2017-12-29T09:00:08Z,2017-12-29T09:45:02Z
2017-12-29T10:00:00.000Z,2017-12-29T11:00:00.000Z,,,,0,,,,,,0,,,0.7749999999999999,0.7,0.8,4,2017-12-29T10:00:03Z,2017-12-29T10:45:02Z,93.25,93,94,4,2017-12-29T10:00:03Z,2017-12-29T10:45:02Z
2017-12-29T11:00:00.000Z,2017-12-29T12:00:00.000Z,,,,0,,,,,,0,,,0.8500000000000001,0.7,0.9,4,2017-12-29T11:00:08Z,2017-12-29T11:45:01Z,95,95,95,4,2017-12-29T11:00:08Z,2017-12-29T11:45:01Z
2017-12-29T12:00:00.000Z,2017-12-29T13:00:00.000Z,16.227999999999998,16.2,16.3,25,2017-12-29T12:34:44Z,2017-12-29T12:47:57Z,40.85599999999999,40.4,41.1,25,2017-12-29T12:34:44Z,2017-12-29T12:47:57Z,0.65,0.6,0.7,4,2017-12-29T12:00:02Z,2017-12-29T12:45:01Z,96,95,97,4,2017-12-29T12:00:02Z,2017-12-29T12:45:01Z
2017-12-29T13:00:00.000Z,2017-12-29T14:00:00.000Z,,,,0,,,,,,0,,,0.6,0.6,0.6,4,2017-12-29T13:00:02Z,2017-12-29T13:45:03Z,97.75,97,98,4,2017-12-29T13:00:02Z,2017-12-29T13:45:03Z
2017-12-29T14:00:00.000Z,2017-12-29T15:00:00.000Z,,,,0,,,,,,0,,,1.05,1,1.1,4,2017-12-29T14:00:01Z,2017-12-29T14:45:01Z,98,98,98,4,2017-12-29T14:00:01Z,2017-12-29T14:45:01Z
2017-12-29T15:00:00.000Z,2017-12-29T16:00:00.000Z,,,,0,,,,,,0,,,1.3,1.1,1.5,4,2017-12-29T15:00:01Z,2017-12-29T15:45:02Z,97,96,98,4,2017-12-29T15:00:01Z,2017-12-29T15:45:02Z
2017-12-29T16:00:00.000Z,2017-12-29T17:00:00.000Z,,,,0,,,,,,0,,,1.7249999999999999,1.5,1.8,4,2017-12-29T16:00:02Z,2017-12-29T16:45:02Z,95,94,96,4,2017-12-29T16:00:02Z,2017-12-29T16:45:02Z
2017-12-29T17:00:00.000Z,2017-12-29T18:00:00.000Z,14.7,14.7,14.7,1,2017-12-29T17:51:06Z,2017-12-29T17:51:06Z,40.4,40.4,40.4,1,2017-12-29T17:51:06Z,2017-12-29T17:51:06Z,1.625,1.4,1.7,4,2017-12-29T17:00:02Z,2017-12-29T17:45:02Z,94,94,94,4,2017-12-29T17:00:02Z,2017-12-29T17:45:02Z
2017-12-29T18:00:00.000Z,2017-12-29T19:00:00.000Z,,,,0,,,,,,0,,,1.25,1.1,1.4,4,2017-12-29T18:00:02Z,2017-12-29T18:45:01Z,94,94,94,4,2017-12-29T18:00:02Z,2017-12-29T18:45:01Z
2017-12-29T19:00:00.000Z,2017-12-29T20:00:00.000Z,17.900000000000002,17.5,18.2,5,2017-12-29T19:07:09Z,2017-12-29T19:58:46Z,39.779999999999994,38.7,40.8,5,2017-12-29T19:07:09Z,2017-12-29T19:58:46Z,0.925,0.6,1.1,4,2017-12-29T19:00:03Z,2017-12-29T19:45:01Z,94.5,94,95,4,2017-12-29T19:00:03Z,2017-12-29T19:45:01Z
2017-12-29T20:00:00.000Z,2017-12-29T21:00:00.000Z,18.300000000000004,18.3,18.3,11,2017-12-29T20:47:10Z,2017-12-29T20:59:59Z,37.43636363636363,37.4,37.5,11,2017-12-29T20:47:10Z,2017-12-29T20:59:59Z,0.9249999999999999,0.9,1,4,2017-12-29T20:00:02Z,2017-12-29T20:45:01Z,95.75,95,96,4,2017-12-29T20:00:02Z,2017-12-29T20:45:01Z
2017-12-29T21:00:00.000Z,2017-12-29T22:00:00.000Z,18.160294117647055,18.1,18.3,68,2017-12-29T21:00:11Z,2017-12-29T21:51:35Z,37.489705882352936,37.4,37.6,68,2017-12-29T21:00:11Z,2017-12-29T21:51:35Z,1.4,1.1,1.5,4,2017-12-29T21:00:02Z,2017-12-29T21:45:02Z,97.75,97,98,4,2017-12-29T21:00:02Z,2017-12-29T21:45:02Z
2017-12-29T22:00:00.000Z,2017-12-29T23:00:00.000Z,17.342307692307692,16.9,18,26,2017-12-29T22:01:23Z,2017-12-29T22:59:36Z,38.223076923076924,37.6,38.4,26,2017-12-29T22:01:23Z,2017-12-29T22:59:36Z,2.325,1.5,4.2,4,2017-12-29T22:00:02Z,2017-12-29T22:45:01Z,94.75,85,98,4,2017-12-29T22:00:02Z,2017-12-29T22:45:01Z
2017-12-29T23:00:00.000Z,2017-12-30T00:00:00.000Z,16.454285714285717,16.2,16.9,35,2017-12-29T23:00:48Z,2017-12-29T23:59:14Z,38.51714285714286,38.2,38.8,35,2017-12-29T23:00:48Z,2017-12-29T23:59:14Z,1.7750000000000001,1.7,1.8,4,2017-12-29T23:00:13Z,2017-12-29T23:45:01Z,98,98,98,4,2017-12-29T23:00:13Z,2017-12-29T23:45:01Z
2017-12-30T00:00:00.000Z,2017-12-30T01:00:00.000Z,15.888000000000002,15.6,16.1,25,2017-12-30T00:00:14Z,2017-12-30T00:59:51Z,39.316,38.9,39.8,25,2017-12-30T00:00:14Z,2017-12-30T00:59:51Z,1.6,1.5,1.7,4,2017-12-30T00:00:03Z,2017-12-30T00:45:01Z,98,98,98,4,2017-12-30T00:00:03Z,2017-12-30T00:45:01Z
2017-12-30T01:00:00.000Z,2017-12-30T02:00:00.000Z,15.474999999999996,15.3,15.6,24,2017-12-30T01:05:08Z,2017-12-30T01:58:53Z,40.279166666666676,39.9,40.7,24,2017-12-30T01:05:08Z,2017-12-30T01:58:53Z,1.5,1.5,1.5,4,2017-12-30T01:00:02Z,2017-12-30T01:45:01Z,98.75,98,99,4,2017-12-30T01:00:02Z,2017-12-30T01:45:01Z
2017-12-30T02:00:00.000Z,2017-12-30T03:00:00.000Z,15.24,15.1,15.3,25,2017-12-30T02:00:17Z,2017-12-30T02:53:55Z,40.964000000000006,40.7,41.2,25,2017-12-30T02:00:17Z,2017-12-30T02:53:55Z,1.325,1.2,1.4,4,2017-12-30T02:00:02Z,2017-12-30T02:45:02Z,99,99,99,4,2017-12-30T02:00:02Z,2017-12-30T02:45:02Z
2017-12-30T03:00:00.000Z,2017-12-30T04:00:00.000Z,15.033333333333331,15,15.1,36,2017-12-30T03:01:43Z,2017-12-30T03:54:23Z,41.31944444444444,41.1,41.6,36,2017-12-30T03:01:43Z,2017-12-30T03:54:23Z,1.275,1.2,1.5,4,2017-12-30T03:00:05Z,2017-12-30T03:45:08Z,99,99,99,4,2017-12-30T03:00:05Z,2017-12-30T03:45:08Z
2017-12-30T04:00:00.000Z,2017-12-30T05:00:00.000Z,14.866666666666672,14.8,14.9,24,2017-12-30T04:03:01Z,2017-12-30T04:58:03Z,41.73333333333333,41.7,41.9,24,2017-12-30T04:03:01Z,2017-12-30T04:58:03Z,1.5,1.5,1.5,4,2017-12-30T04:00:02Z,2017-12-30T04:45:02Z,99,99,99,4,2017-12-30T04:00:02Z,2017-12-30T04:45:02Z
2017-12-30T05:00:00.000Z,2017-12-30T06:00:00.000Z,14.721874999999992,14.7,14.8,32,2017-12-30T05:01:00Z,2017-12-30T05:57:38Z,42.04062500000001,41.8,42.2,32,2017-12-30T05:01:00Z,2017-12-30T05:57:38Z,1.55,1.5,1.7,4,2017-12-30T05:00:15Z,2017-12-30T05:45:03Z,99.25,99,100,4,2017-12-30T05:00:15Z,2017-12-30T05:45:03Z
2017-12-30T06:00:00.000Z,2017-12-30T07:00:00.000Z,14.596000000000004,14.5,14.6,25,2017-12-30T06:00:14Z,2017-12-30T06:54:28Z,42.36,42.2,42.6,25,2017-12-30T06:00:14Z,2017-12-30T06:54:28Z,1.7999999999999998,1.7,1.9,4,2017-12-30T06:00:09Z,2017-12-30T06:45:02Z,100,100,100,4,2017-12-30T06:00:09Z,2017-12-30T06:45:02Z
2017-12-30T07:00:00.000Z,2017-12-30T08:00:00.000Z,14.81176470588235,14.5,15.6,17,2017-12-30T07:11:52Z,2017-12-30T07:57:54Z,43.24117647058823,42.7,43.9,17,2017-12-30T07:11:52Z,2017-12-30T07:57:54Z,2.15,1.9,2.5,4,2017-12-30T07:00:01Z,2017-12-30T07:45:02Z,100,100,100,4,2017-12-30T07:00:01Z,2017-12-30T07:45:02Z
2017-12-30T08:00:00.000Z,2017-12-30T09:00:00.000Z,17.63571428571429,16.7,17.9,14,2017-12-30T08:21:43Z,2017-12-30T08:58:43Z,40.971428571428575,40.6,42.2,14,2017-12-30T08:21:43Z,2017-12-30T08:58:43Z,2.55,2.5,2.6,4,2017-12-30T08:00:03Z,2017-12-30T08:45:02Z,99.5,99,100,4,2017-12-30T08:00:03Z,2017-12-30T08:45:02Z
2017-12-30T09:00:00.000Z,2017-12-30T10:00:00.000Z,17.766666666666666,17.4,17.9,18,2017-12-30T09:00:19Z,2017-12-30T09:59:56Z,40.42777777777776,40.3,40.6,18,2017-12-30T09:00:19Z,2017-12-30T09:59:56Z,2.675,2.6,2.7,4,2017-12-30T09:00:05Z,2017-12-30T09:45:01Z,98.25,98,99,4,2017-12-30T09:00:05Z,2017-12-30T09:45:01Z
2017-12-30T10:00:00.000Z,2017-12-30T11:00:00.000Z,17.1,17,17.2,2,2017-12-30T10:18:09Z,2017-12-30T10:27:33Z,40.7,40.6,40.8,2,2017-12-30T10:18:09Z,2017-12-30T10:27:33Z,2.7250000000000005,2.7,2.8,4,2017-12-30T10:00:02Z,2017-12-30T10:45:02Z,97,97,97,4,2017-12-30T10:00:02Z,2017-12-30T10:45:02Z
2017-12-30T11:00:00.000Z,2017-12-30T12:00:00.000Z,16.841176470588245,16.7,17.1,34,2017-12-30T11:10:58Z,2017-12-30T11:59:59Z,41.523529411764734,41.3,41.9,34,2017-12-30T11:10:58Z,2017-12-30T11:59:59Z,3.05,2.9,3.1,4,2017-12-30T11:00:02Z,2017-12-30T11:45:02Z,97,97,97,4,2017-12-30T11:00:02Z,2017-12-30T11:45:02Z
2017-12-30T12:00:00.000Z,2017-12-30T13:00:00.000Z,16.31840796019898,16,16.7,201,2017-12-30T12:00:23Z,2017-12-30T12:59:25Z,41.135323383084696,41,41.4,201,2017-12-30T12:00:23Z,2017-12-30T12:59:25Z,3.325,3.2,3.7,4,2017-12-30T12:00:10Z,2017-12-30T12:45:01Z,95.75,95,96,4,2017-12-30T12:00:10Z,2017-12-30T12:45:01Z
2017-12-30T13:00:00.000Z,2017-12-30T14:00:00.000Z,15.841414141414136,15.7,16,198,2017-12-30T13:00:13Z,2017-12-30T13:59:38Z,41.21111111111103,41.1,41.4,198,2017-12-30T13:00:13Z,2017-12-30T13:59:38Z,3.7750000000000004,3.7,3.9,4,2017-12-30T13:00:07Z,2017-12-30T13:45:02Z,94.5,94,95,4,2017-12-30T13:00:07Z,2017-12-30T13:45:02Z
2017-12-30T14:00:00.000Z,2017-12-30T15:00:00.000Z,15.485863874345602,15.3,15.7,191,2017-12-30T14:00:02Z,2017-12-30T14:59:52Z,41.75602094240832,41.4,42.1,191,2017-12-30T14:00:02Z,2017-12-30T14:59:52Z,4.025,3.8,4.1,4,2017-12-30T14:00:02Z,2017-12-30T14:45:02Z,94,94,94,4,2017-12-30T14:00:02Z,2017-12-30T14:45:02Z
2017-12-30T15:00:00.000Z,2017-12-30T16:00:00.000Z,15.145989304812819,15,15.3,187,2017-12-30T15:01:28Z,2017-12-30T15:59:54Z,42.503743315508046,42.1,42.8,187,2017-12-30T15:01:28Z,2017-12-30T15:59:54Z,4.6,4.6,4.6,4,2017-12-30T15:00:02Z,2017-12-30T15:45:02Z,95,95,95,4,2017-12-30T15:00:02Z,2017-12-30T15:45:02Z
2017-12-30T16:00:00.000Z,2017-12-30T17:00:00.000Z,14.886931818181864,14.8,15,176,2017-12-30T16:00:30Z,2017-12-30T16:58:44Z,43.07045454545462,42.8,44.5,176,2017-12-30T16:00:30Z,2017-12-30T16:58:44Z,5.2,5,5.4,4,2017-12-30T16:00:09Z,2017-12-30T16:45:01Z,96.25,96,97,4,2017-12-30T16:00:09Z,2017-12-30T16:45:01Z
2017-12-30T17:00:00.000Z,2017-12-30T18:00:00.000Z,16.522222222222215,15,17.7,126,2017-12-30T17:00:08Z,2017-12-30T17:58:46Z,44.15238095238095,42.8,45,126,2017-12-30T17:00:08Z,2017-12-30T17:58:46Z,4.85,4.4,5,4,2017-12-30T17:00:02Z,2017-12-30T17:45:02Z,96,96,96,4,2017-12-30T17:00:02Z,2017-12-30T17:45:02Z
2017-12-30T18:00:00.000Z,2017-12-30T19:00:00.000Z,18.630693069306933,17.8,19.3,101,2017-12-30T18:00:58Z,2017-12-30T18:59:58Z,42.04455445544556,41.8,42.8,101,2017-12-30T18:00:58Z,2017-12-30T18:59:58Z,4.5,4.4,4.6,4,2017-12-30T18:00:01Z,2017-12-30T18:45:01Z,96,96,96,4,2017-12-30T18:00:01Z,2017-12-30T18:45:01Z
2017-12-30T19:00:00.000Z,2017-12-30T20:00:00.000Z,19.99512195121951,19.4,20.9,41,2017-12-30T19:00:46Z,2017-12-30T19:58:23Z,41.27560975609755,39.8,42.4,41,2017-12-30T19:00:46Z,2017-12-30T19:58:23Z,4.825,4.6,4.9,4,2017-12-30T19:00:02Z,2017-12-30T19:45:02Z,96,96,96,4,2017-12-30T19:00:02Z,2017-12-30T19:45:02Z
2017-12-30T20:00:00.000Z,2017-12-30T21:00:00.000Z,20.97647058823529,20.9,21,17,2017-12-30T20:00:23Z,2017-12-30T20:27:11Z,38.6,37.7,39.5,17,2017-12-30T20:00:23Z,2017-12-30T20:27:11Z,5,5,5,4,2017-12-30T20:00:02Z,2017-12-30T20:45:02Z,95,95,95,4,2017-12-30T20:00:02Z,2017-12-30T20:45:02Z
2017-12-30T21:00:00.000Z,2017-12-30T22:00:00.000Z,,,,0,,,,,,0,,,5.25,5.2,5.3,4,2017-12-30T21:00:01Z,2017-12-30T21:45:02Z,94.5,94,95,4,2017-12-30T21:00:01Z,2017-12-30T21:45:02Z
2017-12-30T22:00:00.000Z,2017-12-30T23:00:00.000Z,18.397142857142853,18.2,18.7,70,2017-12-30T22:32:23Z,2017-12-30T22:59:59Z,39.318571428571445,38.7,40,70,2017-12-30T22:32:23Z,2017-12-30T22:59:59Z,5.3,5.3,5.3,4,2017-12-30T22:00:01Z,2017-12-30T22:45:01Z,92.5,92,94,4,2017-12-30T22:00:01Z,2017-12-30T22:45:01Z
2017-12-30T23:00:00.000Z,2017-12-31T00:00:00.000Z,17.70725806451613,17.4,18.2,124,2017-12-30T23:00:11Z,2017-12-30T23:59:37Z,41.08387096774196,40,41.7,124,2017-12-30T23:00:11Z,2017-12-30T23:59:37Z,5.3,5.3,5.3,4,2017-12-30T23:00:02Z,2017-12-30T23:45:09Z,91,91,91,4,2017-12-30T23:00:02Z,2017-12-30T23:45:09Z
2017-12-31T00:00:00.000Z,2017-12-31T01:00:00.000Z,17.128654970760238,16.9,17.4,171,2017-12-31T00:00:00Z,2017-12-31T00:59:49Z,41.95321637426911,41.7,42.2,171,2017-12-31T00:00:00Z,2017-12-31T00:59:49Z,5.324999999999999,5.3,5.4,4,2017-12-31T00:00:11Z,2017-12-31T00:45:02Z,90,90,90,4,2017-12-31T00:00:11Z,2017-12-31T00:45:02Z
2017-12-31T01:00:00.000Z,2017-12-31T02:00:00.000Z,16.817460317460306,16.7,16.9,63,2017-12-31T01:00:13Z,2017-12-31T01:28:38Z,42.38412698412701,42.2,42.5,63,2017-12-31T01:00:13Z,2017-12-31T01:28:38Z,5.35,5.3,5.4,4,2017-12-31T01:00:02Z,2017-12-31T01:45:02Z,87.75,81,90,4,2017-12-31T01:00:02Z,2017-12-31T01:45:02Z
2017-12-31T02:00:00.000Z,2017-12-31T03:00:00.000Z,,,,0,,,,,,0,,,5.2,5.2,5.2,4,2017-12-31T02:00:02Z,2017-12-31T02:45:03Z,91.25,91,92,4,2017-12-31T02:00:02Z,2017-12-31T02:45:03Z
2017-12-31T03:00:00.000Z,2017-12-31T04:00:00.000Z,16.099999999999998,16.1,16.1,6,2017-12-31T03:58:29Z,2017-12-31T03:59:53Z,42.800000000000004,42.8,42.8,6,2017-12-31T03:58:29Z,2017-12-31T03:59:53Z,5.125,5.1,5.2,4,2017-12-31T03:00:03Z,2017-12-31T03:45:03Z,92.75,92,93,4,2017-12-31T03:00:03Z,2017-12-31T03:45:03Z
2017-12-31T04:00:00.000Z,2017-12-31T05:00:00.000Z,16.09027777777779,16,16.1,72,2017-12-31T04:00:05Z,2017-12-31T04:22:54Z,42.80000000000005,42.8,42.8,73,2017-12-31T04:00:05Z,2017-12-31T04:23:07Z,4.75,4.5,5.1,4,2017-12-31T04:00:10Z,2017-12-31T04:45:01Z,94.5,93,95,4,2017-12-31T04:00:10Z,2017-12-31T04:45:01Z
2017-12-31T05:00:00.000Z,2017-12-31T06:00:00.000Z,,,,0,,,,,,0,,,4.55,4.5,4.7,4,2017-12-31T05:00:11Z,2017-12-31T05:45:01Z,95.25,95,96,4,2017-12-31T05:00:11Z,2017-12-31T05:45:01Z
2017-12-31T06:00:00.000Z,2017-12-31T07:00:00.000Z,15.60000000000001,15.6,15.6,38,2017-12-31T06:46:10Z,2017-12-31T06:59:46Z,43.09999999999997,43.1,43.1,38,2017-12-31T06:46:10Z,2017-12-31T06:59:46Z,4.625,4.6,4.7,4,2017-12-31T06:00:10Z,2017-12-31T06:45:02Z,96,96,96,4,2017-12-31T06:00:10Z,2017-12-31T06:45:02Z
2017-12-31T07:00:00.000Z,2017-12-31T08:00:00.000Z,15.502222222222223,15.5,15.6,45,2017-12-31T07:00:10Z,2017-12-31T07:14:59Z,43.16000000000003,43.1,43.2,45,2017-12-31T07:00:10Z,2017-12-31T07:14:59Z,6.074999999999999,4.6,6.9,4,2017-12-31T07:00:02Z,2017-12-31T07:45:02Z,95,92,97,4,2017-12-31T07:00:02Z,2017-12-31T07:45:02Z
2017-12-31T08:00:00.000Z,2017-12-31T09:00:00.000Z,,,,0,,,,,,0,,,6.7,6.5,6.9,4,2017-12-31T08:00:01Z,2017-12-31T08:45:01Z,92,92,92,4,2017-12-31T08:00:01Z,2017-12-31T08:45:01Z
2017-12-31T09:00:00.000Z,2017-12-31T10:00:00.000Z,17.765217391304347,17.7,17.8,23,2017-12-31T09:44:27Z,2017-12-31T09:59:39Z,40.969565217391306,40.9,41.1,23,2017-12-31T09:44:27Z,2017-12-31T09:59:39Z,5.9750000000000005,5.8,6.5,4,2017-12-31T09:00:05Z,2017-12-31T09:45:02Z,92.75,92,93,4,2017-12-31T09:00:05Z,2017-12-31T09:45:02Z
2017-12-31T10:00:00.000Z,2017-12-31T11:00:00.000Z,17.638461538461534,17.6,17.7,13,2017-12-31T10:00:15Z,2017-12-31T10:09:51Z,41.146153846153844,41.1,41.2,13,2017-12-31T10:00:15Z,2017-12-31T10:09:51Z,5.85,5.7,6,4,2017-12-31T10:00:12Z,2017-12-31T10:45:02Z,94.5,94,95,4,2017-12-31T10:00:12Z,2017-12-31T10:45:02Z
2017-12-31T11:00:00.000Z,2017-12-31T12:00:00.000Z,,,,0,,,,,,0,,,6.375,6,6.5,4,2017-12-31T11:00:01Z,2017-12-31T11:45:01Z,94,94,94,4,2017-12-31T11:00:01Z,2017-12-31T11:45:01Z
2017-12-31T12:00:00.000Z,2017-12-31T13:00:00.000Z,20.142105263157898,19.5,21.1,19,2017-12-31T12:42:41Z,2017-12-31T12:58:42Z,36.657894736842096,36.1,37.3,19,2017-12-31T12:42:41Z,2017-12-31T12:58:42Z,7.025,7,7.1,4,2017-12-31T12:00:06Z,2017-12-31T12:45:01Z,93,93,93,4,2017-12-31T12:00:06Z,2017-12-31T12:45:01Z
2017-12-31T13:00:00.000Z,2017-12-31T14:00:00.000Z,19.12,18.9,19.4,10,2017-12-31T13:00:06Z,2017-12-31T13:07:18Z,37.59,37.4,37.8,10,2017-12-31T13:00:06Z,2017-12-31T13:07:18Z,7.5,7.1,7.9,4,2017-12-31T13:00:07Z,2017-12-31T13:45:02Z,92,91,93,4,2017-12-31T13:00:07Z,2017-12-31T13:45:02Z
2017-12-31T14:00:00.000Z,2017-12-31T15:00:00.000Z,,,,0,,,,,,0,,,7.625,7.4,7.7,4,2017-12-31T14:00:02Z,2017-12-31T14:45:02Z,90,90,90,4,2017-12-31T14:00:02Z,2017-12-31T14:45:02Z
2017-12-31T15:00:00.000Z,2017-12-31T16:00:00.000Z,,,,0,,,,,,0,,,7.125,6.5,7.4,4,2017-12-31T15:00:01Z,2017-12-31T15:45:01Z,89.75,89,90,4,2017-12-31T15:00:01Z,2017-12-31T15:45:01Z
2017-12-31T16:00:00.000Z,2017-12-31T17:00:00.000Z,,,,0,,,,,,0,,,6.125,6,6.5,4,2017-12-31T16:00:02Z,2017-12-31T16:45:01Z,92.25,90,93,4,2017-12-31T16:00:02Z,2017-12-31T16:45:01Z
2017-12-31T17:00:00.000Z,2017-12-31T18:00:00.000Z,,,,0,,,,,,0,,,5.550000000000001,5.4,6,4,2017-12-31T17:00:06Z,2017-12-31T17:45:01Z,93,93,93,4,2017-12-31T17:00:06Z,2017-12-31T17:45:01Z
2017-12-31T18:00:00.000Z,2017-12-31T19:00:00.000Z,,,,0,,,,,,0,,,5.2250000000000005,5.2,5.3,4,2017-12-31T18:00:02Z,2017-12-31T18:45:02Z,92.75,92,93,4,2017-12-31T18:00:02Z,2017-12-31T18:45:02Z
2017-12-31T19:00:00.000Z,2017-12-31T20:00:00.000Z,,,,0,,,,,,0,,,4.75,3.7,5.3,4,2017-12-31T19:00:02Z,2017-12-31T19:45:01Z,94,92,100,4,2017-12-31T19:00:02Z,2017-12-31T19:45:01Z
2017-12-31T20:00:00.000Z,2017-12-31T21:00:00.000Z,,,,0,,,,,,0,,,4.7749999999999995,4.7,5,4,2017-12-31T20:00:02Z,2017-12-31T20:45:02Z,92.75,92,93,4,2017-12-31T20:00:02Z,2017-12-31T20:45:02Z
2017-12-31T21:00:00.000Z,2017-12-31T22:00:00.000Z,,,,0,,,,,,0,,,4.55,4.4,4.6,4,2017-12-31T21:00:02Z,2017-12-31T21:45:02Z,93.25,93,94,4,2017-12-31T21:00:02Z,2017-12-31T21:45:02Z
2017-12-31T22:00:00.000Z,2017-12-31T23:00:00.000Z,,,,0,,,,,,0,,,4.4,4.4,4.4,4,2017-12-31T22:00:02Z,2017-12-31T22:45:02Z,94,94,94,4,2017-12-31T22:00:02Z,2017-12-31T22:45:02Z
2017-12-31T23:00:00.000Z,2018-01-01T00:00:00.000Z,,,,0,,,,,,0,,,4.074999999999999,4,4.1,4,2017-12-31T23:00:04Z,2017-12-31T23:45:01Z,93.25,93,94,4,2017-12-31T23:00:04Z,2017-12-31T23:45:01Z
2018-01-01T00:00:00.000Z,2018-01-01T01:00:00.000Z,,,,0,,,,,,0,,,4.025,4,4.1,4,2018-01-01T00:00:17Z,2018-01-01T00:45:01Z,94,94,94,4,2018-01-01T00:00:17Z,2018-01-01T00:45:01Z
2018-01-01T01:00:00.000Z,2018-01-01T02:00:00.000Z,,,,0,,,,,,0,,,4,3.9,4.1,4,2018-01-01T01:00:07Z,2018-01-01T01:45:01Z,92.75,92,94,4,2018-01-01T01:00:07Z,2018-01-01T01:45:01Z
2018-01-01T02:00:00.000Z,2018-01-01T03:00:00.000Z,,,,0,,,,,,0,,,3.8,3.7,3.9,4,2018-01-01T02:00:02Z,2018-01-01T02:45:03Z,92.5,92,93,4,2018-01-01T02:00:02Z,2018-01-01T02:45:03Z
2018-01-01T03:00:00.000Z,2018-01-01T04:00:00.000Z,,,,0,,,,,,0,,,3.55,3.5,3.7,4,2018-01-01T03:00:03Z,2018-01-01T03:45:03Z,93.75,93,94,4,2018-01-01T03:00:03Z,2018-01-01T03:45:03Z
2018-01-01T04:00:00.000Z,2018-01-01T05:00:00.000Z,,,,0,,,,,,0,,,3.7500000000000004,3.7,3.9,4,2018-01-01T04:00:03Z,2018-01-01T04:45:01Z,94.25,94,95,4,2018-01-01T04:00:03Z,2018-01-01T04:45:01Z
2018-01-01T05:00:00.000Z,2018-01-01T06:00:00.000Z,,,,0,,,,,,0,,,3.9999999999999996,3.9,4.1,4,2018-01-01T05:00:01Z,2018-01-01T05:45:01Z,95.25,95,96,4,2018-01-01T05:00:01Z,2018-01-01T05:45:01Z
2018-01-01T06:00:00.000Z,2018-01-01T07:00:00.000Z,,,,0,,,,,,0,,,4.475,4.1,4.6,4,2018-01-01T06:00:02Z,2018-01-01T06:45:01Z,96,96,96,4,2018-01-01T06:00:02Z,2018-01-01T06:45:01Z
2018-01-01T07:00:00.000Z,2018-01-01T08:00:00.000Z,,,,0,,,,,,0,,,4.15,4,4.6,4,2018-01-01T07:00:02Z,2018-01-01T07:45:01Z,95.25,95,96,4,2018-01-01T07:00:02Z,2018-01-01T07:45:01Z
2018-01-01T08:00:00.000Z,2018-01-01T09:00:00.000Z,,,,0,,,,,,0,,,3.8499999999999996,3.8,4,4,2018-01-01T08:00:01Z,2018-01-01T08:45:02Z,96.5,95,97,4,2018-01-01T08:00:01Z,2018-01-01T08:45:02Z
2018-01-01T09:00:00.000Z,2018-01-01T10:00:00.000Z,,,,0,,,,,,0,,,3.95,3.8,4,4,2018-01-01T09:00:01Z,2018-01-01T09:45:02Z,96.5,96,97,4,2018-01-01T09:00:01Z,2018-01-01T09:45:02Z
2018-01-01T10:00:00.000Z,2018-01-01T11:00:00.000Z,,,,0,,,,,,0,,,4.025,4,4.1,4,2018-01-01T10:00:01Z,2018-01-01T10:45:02Z,96.25,96,97,4,2018-01-01T10:00:01Z,2018-01-01T10:45:02Z
2018-01-01T11:00:00.000Z,2018-01-01T12:00:00.000Z,16.85,16.5,17.2,2,2018-01-01T11:35:57Z,2018-01-01T11:58:43Z,41.15,39.8,42.5,2,2018-01-01T11:35:57Z,2018-01-01T11:58:43Z,4.4,4.4,4.4,4,2018-01-01T11:00:01Z,2018-01-01T11:45:02Z,97,97,97,4,2018-01-01T11:00:01Z,2018-01-01T11:45:02Z
2018-01-01T12:00:00.000Z,2018-01-01T13:00:00.000Z,18.2,17.9,18.5,2,2018-01-01T12:36:44Z,2018-01-01T12:38:56Z,39.55,39,40.1,2,2018-01-01T12:36:44Z,2018-01-01T12:38:56Z,5.375,5,6.5,4,2018-01-01T12:00:06Z,2018-01-01T12:45:01Z,92.25,84,95,4,2018-01-01T12:00:06Z,2018-01-01T12:45:01Z
2018-01-01T13:00:00.000Z,2018-01-01T14:00:00.000Z,16.75,16.7,16.8,2,2018-01-01T13:56:09Z,2018-01-01T13:57:57Z,40.4,40.3,40.5,2,2018-01-01T13:56:09Z,2018-01-01T13:57:57Z,5.4,5.4,5.4,4,2018-01-01T13:00:05Z,2018-01-01T13:45:01Z,94,94,94,4,2018-01-01T13:00:05Z,2018-01-01T13:45:01Z
2018-01-01T14:00:00.000Z,2018-01-01T15:00:00.000Z,16.166666666666668,15.5,16.6,12,2018-01-01T14:01:33Z,2018-01-01T14:52:58Z,42.55833333333333,40.9,45.8,12,2018-01-01T14:01:33Z,2018-01-01T14:52:58Z,5.6,5.6,5.6,4,2018-01-01T14:00:09Z,2018-01-01T14:45:01Z,93,93,93,4,2018-01-01T14:00:09Z,2018-01-01T14:45:01Z
2018-01-01T15:00:00.000Z,2018-01-01T16:00:00.000Z,15.2,15.2,15.2,1,2018-01-01T15:23:35Z,2018-01-01T15:23:35Z,47.1,47.1,47.1,1,2018-01-01T15:23:35Z,2018-01-01T15:23:35Z,5.9,5,6.2,4,2018-01-01T15:00:06Z,2018-01-01T15:45:01Z,91,90,94,4,2018-01-01T15:00:06Z,2018-01-01T15:45:01Z
2018-01-01T16:00:00.000Z,2018-01-01T17:00:00.000Z,14.600000000000007,14.6,14.6,27,2018-01-01T16:47:38Z,2018-01-01T16:56:38Z,47.02222222222221,46.9,47.3,27,2018-01-01T16:47:38Z,2018-01-01T16:56:38Z,4.6499999999999995,4.2,5.1,4,2018-01-01T16:00:06Z,2018-01-01T16:45:01Z,94,94,94,4,2018-01-01T16:00:06Z,2018-01-01T16:45:01Z
2018-01-01T17:00:00.000Z,2018-01-01T18:00:00.000Z,,,,0,,,,,,0,,,3.825,3.7,4.2,4,2018-01-01T17:00:01Z,2018-01-01T17:45:02Z,94.75,94,95,4,2018-01-01T17:00:01Z,2018-01-01T17:45:02Z
2018-01-01T18:00:00.000Z,2018-01-01T19:00:00.000Z,,,,0,,,,,,0,,,3.15,3.1,3.2,4,2018-01-01T18:00:01Z,2018-01-01T18:45:02Z,95,95,95,4,2018-01-01T18:00:01Z,2018-01-01T18:45:02Z
2018-01-01T19:00:00.000Z,2018-01-01T20:00:00.000Z,19.4,19.4,19.4,1,2018-01-01T19:54:06Z,2018-01-01T19:54:06Z,42.2,42.2,42.2,1,2018-01-01T19:54:06Z,2018-01-01T19:54:06Z,2.875,2.8,3.1,4,2018-01-01T19:00:01Z,2018-01-01T19:45:01Z,95,95,95,4,2018-01-01T19:00:01Z,2018-01-01T19:45:01Z
2018-01-01T20:00:00.000Z,2018-01-01T21:00:00.000Z,,,,0,,,,,,0,,,2.625,2.6,2.7,4,2018-01-01T20:00:01Z,2018-01-01T20:45:01Z,95.25,95,96,4,2018-01-01T20:00:01Z,2018-01-01T20:45:01Z
2018-01-01T21:00:00.000Z,2018-01-01T22:00:00.000Z,19.15,19,19.3,2,2018-01-01T21:05:42Z,2018-01-01T21:47:19Z,39.95,39.7,40.2,2,2018-01-01T21:05:42Z,2018-01-01T21:47:19Z,2.8000000000000003,2.7,2.9,4,2018-01-01T21:00:02Z,2018-01-01T21:45:02Z,96,96,96,4,2018-01-01T21:00:02Z,2018-01-01T21:45:02Z
2018-01-01T22:00:00.000Z,2018-01-01T23:00:00.000Z,18.366666666666664,18.3,18.4,3,2018-01-01T22:09:31Z,2018-01-01T22:15:43Z,40.46666666666666,40,41.3,3,2018-01-01T22:09:31Z,2018-01-01T22:15:43Z,2.925,2.9,3,4,2018-01-01T22:00:01Z,2018-01-01T22:45:01Z,96.25,96,97,4,2018-01-01T22:00:01Z,2018-01-01T22:45:01Z
2018-01-01T23:00:00.000Z,2018-01-02T00:00:00.000Z,,,,0,,,,,,0,,,3.05,3,3.1,4,2018-01-01T23:00:02Z,2018-01-01T23:45:01Z,97,97,97,4,2018-01-01T23:00:02Z,2018-01-01T23:45:01Z
2018-01-02T00:00:00.000Z,2018-01-02T01:00:00.000Z,,,,0,,,,,,0,,,3.2,3.2,3.2,4,2018-01-02T00:00:05Z,2018-01-02T00:45:02Z,97,97,97,4,2018-01-02T00:00:05Z,2018-01-02T00:45:02Z
2018-01-02T01:00:00.000Z,2018-01-02T02:00:00.000Z,,,,0,,,,,,0,,,3.1,3.1,3.1,4,2018-01-02T01:00:07Z,2018-01-02T01:45:01Z,96,96,96,4,2018-01-02T01:00:07Z,2018-01-02T01:45:01Z
2018-01-02T02:00:00.000Z,2018-01-02T03:00:00.000Z,,,,0,,,,,,0,,,3.1,3.1,3.1,4,2018-01-02T02:00:06Z,2018-01-02T02:45:02Z,96,96,96,4,2018-01-02T02:00:06Z,2018-01-02T02:45:02Z
2018-01-02T03:00:00.000Z,2018-01-02T04:00:00.000Z,,,,0,,,,,,0,,,3.1,3.1,3.1,4,2018-01-02T03:00:04Z,2018-01-02T03:45:13Z,96.75,96,97,4,2018-01-02T03:00:04Z,2018-01-02T03:45:13Z
2018-01-02T04:00:00.000Z,2018-01-02T05:00:00.000Z,,,,0,,,,,,0,,,3.125,3.1,3.2,4,2018-01-02T04:00:02Z,2018-01-02T04:45:08Z,97.25,97,98,4,2018-01-02T04:00:02Z,2018-01-02T04:45:08Z
2018-01-02T05:00:00.000Z,2018-01-02T06:00:00.000Z,,,,0,,,,,,0,,,3.2250000000000005,3.2,3.3,4,2018-01-02T05:00:03Z,2018-01-02T05:45:02Z,97.75,97,98,4,2018-01-02T05:00:03Z,2018-01-02T05:45:02Z
2018-01-02T06:00:00.000Z,2018-01-02T07:00:00.000Z,,,,0,,,,,,0,,,3.375,3.3,3.4,4,2018-01-02T06:00:02Z,2018-01-02T06:45:01Z,97,97,97,4,2018-01-02T06:00:02Z,2018-01-02T06:45:01Z
2018-01-02T07:00:00.000Z,2018-01-02T08:00:00.000Z,15.25,15.2,15.3,2,2018-01-02T07:40:59Z,2018-01-02T07:42:59Z,46.8,46.7,46.9,2,2018-01-02T07:40:59Z,2018-01-02T07:42:59Z,3.3499999999999996,3.2,3.4,4,2018-01-02T07:00:06Z,2018-01-02T07:45:02Z,97,97,97,4,2018-01-02T07:00:06Z,2018-01-02T07:45:02Z
2018-01-02T08:00:00.000Z,2018-01-02T09:00:00.000Z,17.46999999999999,16.4,17.7,20,2018-01-02T08:03:36Z,2018-01-02T08:54:25Z,43.945,43.4,46,20,2018-01-02T08:03:36Z,2018-01-02T08:54:25Z,3.375,3.2,3.5,4,2018-01-02T08:00:11Z,2018-01-02T08:45:01Z,96.5,96,97,4,2018-01-02T08:00:11Z,2018-01-02T08:45:01Z
2018-01-02T09:00:00.000Z,2018-01-02T10:00:00.000Z,17.34761904761905,17.1,17.6,21,2018-01-02T09:05:25Z,2018-01-02T09:59:50Z,44.27619047619048,43.7,44.7,21,2018-01-02T09:05:25Z,2018-01-02T09:59:50Z,3.55,3.5,3.6,4,2018-01-02T09:00:02Z,2018-01-02T09:45:02Z,96,96,96,4,2018-01-02T09:00:02Z,2018-01-02T09:45:02Z
2018-01-02T10:00:00.000Z,2018-01-02T11:00:00.000Z,16.826136363636348,16.7,17,88,2018-01-02T10:06:38Z,2018-01-02T10:51:40Z,45.971590909090835,44.6,46.3,88,2018-01-02T10:06:38Z,2018-01-02T10:51:40Z,3.7250000000000005,3.7,3.8,4,2018-01-02T10:00:02Z,2018-01-02T10:45:01Z,93.5,92,94,4,2018-01-02T10:00:02Z,2018-01-02T10:45:01Z
2018-01-02T11:00:00.000Z,2018-01-02T12:00:00.000Z,16.412195121951207,16.3,16.6,41,2018-01-02T11:02:16Z,2018-01-02T11:59:32Z,46.331707317073175,46.1,46.8,41,2018-01-02T11:02:16Z,2018-01-02T11:59:32Z,4,3.8,4.2,4,2018-01-02T11:00:07Z,2018-01-02T11:45:01Z,91.5,91,92,4,2018-01-02T11:00:07Z,2018-01-02T11:45:01Z
2018-01-02T12:00:00.000Z,2018-01-02T13:00:00.000Z,18.009523809523813,16.3,20.4,42,2018-01-02T12:12:54Z,2018-01-02T12:57:55Z,42.78333333333334,37.9,46.9,42,2018-01-02T12:12:54Z,2018-01-02T12:57:55Z,3.925,3.7,4.2,4,2018-01-02T12:00:02Z,2018-01-02T12:45:01Z,92.75,91,94,4,2018-01-02T12:00:02Z,2018-01-02T12:45:01Z
2018-01-02T13:00:00.000Z,2018-01-02T14:00:00.000Z,19.252941176470593,18.6,19.9,17,2018-01-02T13:00:19Z,2018-01-02T13:16:31Z,38.51176470588236,37.9,39.2,17,2018-01-02T13:00:19Z,2018-01-02T13:16:31Z,3.7,3.6,3.8,4,2018-01-02T13:00:02Z,2018-01-02T13:45:02Z,94.5,94,95,4,2018-01-02T13:00:02Z,2018-01-02T13:45:02Z
2018-01-02T14:00:00.000Z,2018-01-02T15:00:00.000Z,,,,0,,,,,,0,,,4.175,3.8,4.6,4,2018-01-02T14:00:01Z,2018-01-02T14:45:01Z,94.5,94,95,4,2018-01-02T14:00:01Z,2018-01-02T14:45:01Z
2018-01-02T15:00:00.000Z,2018-01-02T16:00:00.000Z,15.599999999999996,15.6,15.6,11,2018-01-02T15:56:47Z,2018-01-02T15:59:59Z,45.18181818181818,45.1,45.2,11,2018-01-02T15:56:47Z,2018-01-02T15:59:59Z,5.2,5.2,5.2,4,2018-01-02T15:00:02Z,2018-01-02T15:45:02Z,94,94,94,4,2018-01-02T15:00:02Z,2018-01-02T15:45:02Z
2018-01-02T16:00:00.000Z,2018-01-02T17:00:00.000Z,15.46106194690269,15.4,15.6,113,2018-01-02T16:00:35Z,2018-01-02T16:59:49Z,46.76814159292032,45.2,48.7,113,2018-01-02T16:00:35Z,2018-01-02T16:59:49Z,5.550000000000001,5.1,5.7,4,2018-01-02T16:00:02Z,2018-01-02T16:45:02Z,93.75,93,94,4,2018-01-02T16:00:02Z,2018-01-02T16:45:02Z
2018-01-02T17:00:00.000Z,2018-01-02T18:00:00.000Z,16.444886363636357,15.4,17.7,176,2018-01-02T17:00:13Z,2018-01-02T17:59:02Z,49.00795454545451,46.6,50.8,176,2018-01-02T17:00:13Z,2018-01-02T17:59:02Z,4.949999999999999,4.5,5.1,4,2018-01-02T17:00:06Z,2018-01-02T17:45:01Z,93.5,93,95,4,2018-01-02T17:00:06Z,2018-01-02T17:45:01Z
2018-01-02T18:00:00.000Z,2018-01-02T19:00:00.000Z,18.965540540540566,17.8,19.5,148,2018-01-02T18:00:14Z,2018-01-02T18:59:39Z,45.58040540540544,45,46.5,148,2018-01-02T18:00:14Z,2018-01-02T18:59:39Z,4.3500000000000005,4.3,4.5,4,2018-01-02T18:00:02Z,2018-01-02T18:45:01Z,95,95,95,4,2018-01-02T18:00:02Z,2018-01-02T18:45:01Z
2018-01-02T19:00:00.000Z,2018-01-02T20:00:00.000Z,19.270000000000014,18.8,19.5,220,2018-01-02T19:00:03Z,2018-01-02T19:59:52Z,43.72318181818173,43.4,45,220,2018-01-02T19:00:03Z,2018-01-02T19:59:52Z,4.725,4.6,5,4,2018-01-02T19:00:11Z,2018-01-02T19:45:01Z,95,92,96,4,2018-01-02T19:00:11Z,2018-01-02T19:45:01Z
2018-01-02T20:00:00.000Z,2018-01-02T21:00:00.000Z,19.022727272727217,18.8,19.1,198,2018-01-02T20:00:04Z,2018-01-02T20:59:52Z,43.08787878787881,42.7,43.8,198,2018-01-02T20:00:04Z,2018-01-02T20:59:52Z,5,5,5,4,2018-01-02T20:00:02Z,2018-01-02T20:45:01Z,92,92,92,4,2018-01-02T20:00:02Z,2018-01-02T20:45:01Z
2018-01-02T21:00:00.000Z,2018-01-02T22:00:00.000Z,19.10000000000001,19.1,19.1,259,2018-01-02T21:00:16Z,2018-01-02T21:59:53Z,42.34594594594612,42.2,42.6,259,2018-01-02T21:00:16Z,2018-01-02T21:59:53Z,5,5,5,4,2018-01-02T21:00:02Z,2018-01-02T21:45:02Z,92.5,92,93,4,2018-01-02T21:00:02Z,2018-01-02T21:45:02Z
2018-01-02T22:00:00.000Z,2018-01-02T23:00:00.000Z,18.94247104247107,18.5,19.1,259,2018-01-02T22:00:17Z,2018-01-02T22:59:53Z,42.06332046332053,41.8,42.2,259,2018-01-02T22:00:17Z,2018-01-02T22:59:53Z,5.225,5,5.3,4,2018-01-02T22:00:02Z,2018-01-02T22:45:01Z,94.25,94,95,4,2018-01-02T22:00:02Z,2018-01-02T22:45:01Z
2018-01-02T23:00:00.000Z,2018-01-03T00:00:00.000Z,17.98449999999999,17.5,18.5,200,2018-01-02T23:00:29Z,2018-01-02T23:59:54Z,42.54750000000006,42,43.2,200,2018-01-02T23:00:29Z,2018-01-02T23:59:54Z,4.9,4.8,5,4,2018-01-02T23:00:02Z,2018-01-02T23:45:02Z,95,95,95,4,2018-01-02T23:00:02Z,2018-01-02T23:45:02Z
2018-01-03T00:00:00.000Z,2018-01-03T01:00:00.000Z,17.241397849462338,17,17.5,186,2018-01-03T00:00:18Z,2018-01-03T00:59:55Z,43.70537634408602,43.2,44.1,186,2018-01-03T00:00:18Z,2018-01-03T00:59:55Z,4.725,4.7,4.8,4,2018-01-03T00:00:23Z,2018-01-03T00:45:01Z,94.25,94,95,4,2018-01-03T00:00:23Z,2018-01-03T00:45:01Z
2018-01-03T01:00:00.000Z,2018-01-03T02:00:00.000Z,16.920253164556957,16.8,17,79,2018-01-03T01:00:07Z,2018-01-03T01:25:44Z,44.197468354430434,44.1,44.3,79,2018-01-03T01:00:07Z,2018-01-03T01:25:44Z,4.7,4.7,4.7,4,2018-01-03T01:00:09Z,2018-01-03T01:45:02Z,95,95,95,4,2018-01-03T01:00:09Z,2018-01-03T01:45:02Z
2018-01-03T02:00:00.000Z,2018-01-03T03:00:00.000Z,,,,0,,,,,,0,,,4.55,3.8,4.8,4,2018-01-03T02:00:02Z,2018-01-03T02:45:03Z,95.5,94,96,4,2018-01-03T02:00:02Z,2018-01-03T02:45:03Z
2018-01-03T03:00:00.000Z,2018-01-03T04:00:00.000Z,,,,0,,,,,,0,,,3.3,2.8,3.8,4,2018-01-03T03:00:02Z,2018-01-03T03:45:03Z,94.5,94,95,4,2018-01-03T03:00:02Z,2018-01-03T03:45:03Z
2018-01-03T04:00:00.000Z,2018-01-03T05:00:00.000Z,16.034375000000004,16,16.1,96,2018-01-03T04:08:12Z,2018-01-03T04:37:49Z,44.549999999999955,44.5,44.7,96,2018-01-03T04:08:12Z,2018-01-03T04:37:49Z,2.7,2.6,2.8,4,2018-01-03T04:00:03Z,2018-01-03T04:45:02Z,95.75,95,96,4,2018-01-03T04:00:03Z,2018-01-03T04:45:02Z
2018-01-03T05:00:00.000Z,2018-01-03T06:00:00.000Z,,,,0,,,,,,0,,,3.05,3,3.1,4,2018-01-03T05:00:02Z,2018-01-03T05:45:02Z,96.5,96,97,4,2018-01-03T05:00:02Z,2018-01-03T05:45:02Z
2018-01-03T06:00:00.000Z,2018-01-03T07:00:00.000Z,,,,0,,,,,,0,,,3.1500000000000004,3.1,3.2,4,2018-01-03T06:00:01Z,2018-01-03T06:45:01Z,96,96,96,4,2018-01-03T06:00:01Z,2018-01-03T06:45:01Z
2018-01-03T07:00:00.000Z,2018-01-03T08:00:00.000Z,15.599999999999982,15.6,15.6,96,2018-01-03T07:03:41Z,2018-01-03T07:31:42Z,45,45,45,96,2018-01-03T07:03:41Z,2018-01-03T07:31:42Z,3.15,3.1,3.2,4,2018-01-03T07:00:10Z,2018-01-03T07:45:01Z,96,96,96,4,2018-01-03T07:00:10Z,2018-01-03T07:45:01Z
2018-01-03T08:00:00.000Z,2018-01-03T09:00:00.000Z,,,,0,,,,,,0,,,2.525,2.5,2.6,4,2018-01-03T08:00:13Z,2018-01-03T08:45:01Z,96.25,96,97,4,2018-01-03T08:00:13Z,2018-01-03T08:45:01Z
2018-01-03T09:00:00.000Z,2018-01-03T10:00:00.000Z,,,,0,,,,,,0,,,2.725,2.6,3.1,4,2018-01-03T09:00:08Z,2018-01-03T09:45:01Z,97.25,97,98,4,2018-01-03T09:00:08Z,2018-01-03T09:45:01Z
2018-01-03T10:00:00.000Z,2018-01-03T11:00:00.000Z,16.3,16.3,16.3,1,2018-01-03T10:27:24Z,2018-01-03T10:27:24Z,46.3,46.3,46.3,1,2018-01-03T10:27:24Z,2018-01-03T10:27:24Z,3.2,3.1,3.3,4,2018-01-03T10:00:07Z,2018-01-03T10:45:02Z,98,98,98,4,2018-01-03T10:00:07Z,2018-01-03T10:45:02Z
2018-01-03T11:00:00.000Z,2018-01-03T12:00:00.000Z,,,,0,,,,,,0,,,3.925,3.3,4.2,4,2018-01-03T11:00:02Z,2018-01-03T11:45:02Z,98.75,98,99,4,2018-01-03T11:00:02Z,2018-01-03T11:45:02Z
2018-01-03T12:00:00.000Z,2018-01-03T13:00:00.000Z,22.366666666666664,21.3,23.3,3,2018-01-03T12:04:13Z,2018-01-03T12:48:01Z,36,34.4,37.9,3,2018-01-03T12:04:13Z,2018-01-03T12:48:01Z,5.125,5,5.5,4,2018-01-03T12:00:06Z,2018-01-03T12:45:01Z,98,98,98,4,2018-01-03T12:00:06Z,2018-01-03T12:45:01Z
2018-01-03T13:00:00.000Z,2018-01-03T14:00:00.000Z,,,,0,,,,,,0,,,6.1000000000000005,5.5,6.3,4,2018-01-03T13:00:02Z,2018-01-03T13:45:01Z,96.5,96,98,4,2018-01-03T13:00:02Z,2018-01-03T13:45:01Z
2018-01-03T14:00:00.000Z,2018-01-03T15:00:00.000Z,,,,0,,,,,,0,,,6.6,6.6,6.6,4,2018-01-03T14:00:01Z,2018-01-03T14:45:02Z,93,93,93,4,2018-01-03T14:00:01Z,2018-01-03T14:45:02Z
2018-01-03T15:00:00.000Z,2018-01-03T16:00:00.000Z,,,,0,,,,,,0,,,6.425,6.3,6.5,4,2018-01-03T15:00:02Z,2018-01-03T15:45:01Z,92.5,92,93,4,2018-01-03T15:00:02Z,2018-01-03T15:45:01Z
2018-01-03T16:00:00.000Z,2018-01-03T17:00:00.000Z,16.4,16.4,16.4,1,2018-01-03T16:55:16Z,2018-01-03T16:55:16Z,44.2,44.2,44.2,1,2018-01-03T16:55:16Z,2018-01-03T16:55:16Z,6.199999999999999,6.1,6.3,4,2018-01-03T16:00:14Z,2018-01-03T16:45:02Z,93.5,93,94,4,2018-01-03T16:00:14Z,2018-01-03T16:45:02Z
2018-01-03T17:00:00.000Z,2018-01-03T18:00:00.000Z,16.6,16.3,17,5,2018-01-03T17:13:17Z,2018-01-03T17:37:17Z,46.14,45,46.9,5,2018-01-03T17:13:17Z,2018-01-03T17:37:17Z,6.1,6.1,6.1,4,2018-01-03T17:00:02Z,2018-01-03T17:45:02Z,93,93,93,4,2018-01-03T17:00:02Z,2018-01-03T17:45:02Z
2018-01-03T18:00:00.000Z,2018-01-03T19:00:00.000Z,18.73333333333333,18.6,18.9,3,2018-01-03T18:16:18Z,2018-01-03T18:25:42Z,44.06666666666666,44,44.2,3,2018-01-03T18:16:18Z,2018-01-03T18:25:42Z,5.800000000000001,5.7,5.9,4,2018-01-03T18:00:02Z,2018-01-03T18:45:02Z,93.5,93,94,4,2018-01-03T18:00:02Z,2018-01-03T18:45:02Z
2018-01-03T19:00:00.000Z,2018-01-03T20:00:00.000Z,,,,0,,,,,,0,,,5.699999999999999,5.6,5.8,3,2018-01-03T19:00:01Z,2018-01-03T19:30:04Z,94,94,94,3,2018-01-03T19:00:01Z,2018-01-03T19:30:04Z
2018-01-03T20:00:00.000Z,2018-01-03T21:00:00.000Z,,,,0,,,,,,0,,,5.7,5.2,7.2,4,2018-01-03T20:00:02Z,2018-01-03T20:45:01Z,91.75,85,94,4,2018-01-03T20:00:02Z,2018-01-03T20:45:01Z
2018-01-03T21:00:00.000Z,2018-01-03T22:00:00.000Z,,,,0,,,,,,0,,,5,5,5,1,2018-01-03T21:00:04Z,2018-01-03T21:00:04Z,95,95,95,1,2018-01-03T21:00:04Z,2018-01-03T21:00:04Z
2018-01-03T22:00:00.000Z,2018-01-03T23:00:00.000Z,,,,0,,,,,,0,,,,,,0,,,,,,0,,
2018-01-03T23:00:00.000Z,2018-01-04T00:00:00.000Z,,,,0,,,,,,0,,,,,,0,,,,,,0,,
2018-01-04T00:00:00.000Z,2018-01-04T01:00:00.000Z,,,,0,,,,,,0,,,,,,0,,,,,,0,,
2018-01-04T01:00:00.000Z,2018-01-04T02:00:00.000Z,,,,0,,,,,,0,,,5.3500000000000005,5.3,5.4,4,2018-01-04T01:00:02Z,2018-01-04T01:45:01Z,94.5,94,95,4,2018-01-04T01:00:02Z,2018-01-04T01:45:01Z
2018-01-04T02:00:00.000Z,2018-01-04T03:00:00.000Z,,,,0,,,,,,0,,,5.3,5.3,5.3,1,2018-01-04T02:00:02Z,2018-01-04T02:00:02Z,94,94,94,1,2018-01-04T02:00:02Z,2018-01-04T02:00:02Z
2018-01-04T03:00:00.000Z,2018-01-04T04:00:00.000Z,,,,0,,,,,,0,,,4,4,4,1,2018-01-04T03:45:06Z,2018-01-04T03:45:06Z,95,95,95,1,2018-01-04T03:45:06Z,2018-01-04T03:45:06Z
2018-01-04T04:00:00.000Z,2018-01-04T05:00:00.000Z,,,,0,,,,,,0,,,4.6000000000000005,4,4.8,4,2018-01-04T04:00:02Z,2018-01-04T04:45:02Z,95.75,95,96,4,2018-01-04T04:00:02Z,2018-01-04T04:45:02Z
2018-01-04T05:00:00.000Z,2018-01-04T06:00:00.000Z,,,,0,,,,,,0,,,2.825,0.8,4.9,4,2018-01-04T05:00:10Z,2018-01-04T05:45:02Z,98,96,100,4,2018-01-04T05:00:10Z,2018-01-04T05:45:02Z
2018-01-04T06:00:00.000Z,2018-01-04T07:00:00.000Z,,,,0,,,,,,0,,,5.3500000000000005,4.9,6.7,4,2018-01-04T06:00:02Z,2018-01-04T06:45:02Z,93.75,87,96,4,2018-01-04T06:00:02Z,2018-01-04T06:45:02Z
2018-01-04T07:00:00.000Z,2018-01-04T08:00:00.000Z,,,,0,,,,,,0,,,4.3999999999999995,4,4.7,4,2018-01-04T07:00:03Z,2018-01-04T07:45:01Z,96.5,96,97,4,2018-01-04T07:00:03Z,2018-01-04T07:45:01Z
2018-01-04T08:00:00.000Z,2018-01-04T09:00:00.000Z,,,,0,,,,,,0,,,3.725,1.2,4.7,4,2018-01-04T08:00:02Z,2018-01-04T08:45:01Z,97.75,97,100,4,2018-01-04T08:00:02Z,2018-01-04T08:45:01Z
2018-01-04T09:00:00.000Z,2018-01-04T10:00:00.000Z,,,,0,,,,,,0,,,3.325,1.3,4,4,2018-01-04T09:00:03Z,2018-01-04T09:45:02Z,98,97,100,4,2018-01-04T09:00:03Z,2018-01-04T09:45:02Z
2018-01-04T10:00:00.000Z,2018-01-04T11:00:00.000Z,15.799999999999999,15.8,15.8,6,2018-01-04T10:52:17Z,2018-01-04T10:58:53Z,48.6,48.6,48.6,6,2018-01-04T10:52:17Z,2018-01-04T10:58:53Z,4.475,4.4,4.5,4,2018-01-04T10:00:01Z,2018-01-04T10:45:01Z,96.25,94,97,4,2018-01-04T10:00:01Z,2018-01-04T10:45:01Z
2018-01-04T11:00:00.000Z,2018-01-04T12:00:00.000Z,16.034177215189878,15.8,16.6,79,2018-01-04T11:00:05Z,2018-01-04T11:58:43Z,48.394936708860776,47.3,48.9,79,2018-01-04T11:00:05Z,2018-01-04T11:58:43Z,4.5,4.5,4.5,4,2018-01-04T11:00:02Z,2018-01-04T11:45:02Z,96.25,94,97,4,2018-01-04T11:00:02Z,2018-01-04T11:45:02Z
2018-01-04T12:00:00.000Z,2018-01-04T13:00:00.000Z,16.895652173913042,16.6,17.6,23,2018-01-04T12:00:07Z,2018-01-04T12:59:44Z,46.943478260869554,46.7,47.3,23,2018-01-04T12:00:07Z,2018-01-04T12:59:44Z,3.375,2,5,4,2018-01-04T12:00:01Z,2018-01-04T12:45:01Z,98.5,97,100,4,2018-01-04T12:00:01Z,2018-01-04T12:45:01Z
2018-01-04T13:00:00.000Z,2018-01-04T14:00:00.000Z,17.94444444444446,17.6,18.1,108,2018-01-04T13:00:09Z,2018-01-04T13:59:09Z,45.81666666666656,45.7,46.7,108,2018-01-04T13:00:09Z,2018-01-04T13:59:09Z,6.5,5,7,4,2018-01-04T13:00:02Z,2018-01-04T13:45:11Z,87.75,85,96,4,2018-01-04T13:00:02Z,2018-01-04T13:45:11Z
2018-01-04T14:00:00.000Z,2018-01-04T15:00:00.000Z,17.379999999999992,17.1,17.7,65,2018-01-04T14:00:22Z,2018-01-04T14:58:11Z,45.63999999999994,45.5,45.8,65,2018-01-04T14:00:22Z,2018-01-04T14:58:11Z,3.8,2.6,5,4,2018-01-04T14:00:02Z,2018-01-04T14:45:02Z,99,97,100,4,2018-01-04T14:00:02Z,2018-01-04T14:45:02Z
2018-01-04T15:00:00.000Z,2018-01-04T16:00:00.000Z,16.91999999999998,16.8,17.1,50,2018-01-04T15:00:35Z,2018-01-04T15:59:00Z,46.49400000000001,45.8,47.5,50,2018-01-04T15:00:35Z,2018-01-04T15:59:00Z,4.3,2.9,5,3,2018-01-04T15:00:02Z,2018-01-04T15:45:01Z,98,97,100,3,2018-01-04T15:00:02Z,2018-01-04T15:45:01Z
2018-01-04T16:00:00.000Z,2018-01-04T17:00:00.000Z,17.60843373493978,16.8,17.9,83,2018-01-04T16:00:36Z,2018-01-04T16:58:01Z,47.97710843373494,47.1,48.8,83,2018-01-04T16:00:36Z,2018-01-04T16:58:01Z,3.6666666666666665,2.9,5.2,3,2018-01-04T16:00:02Z,2018-01-04T16:30:02Z,99,97,100,3,2018-01-04T16:00:02Z,2018-01-04T16:30:02Z
2018-01-04T17:00:00.000Z,2018-01-04T18:00:00.000Z,17.75500000000001,17.5,17.9,60,2018-01-04T17:00:01Z,2018-01-04T17:52:50Z,46.50000000000002,46.2,47,60,2018-01-04T17:00:01Z,2018-01-04T17:52:50Z,4.6,4,5.2,2,2018-01-04T17:00:40Z,2018-01-04T17:15:02Z,97,97,97,2,2018-01-04T17:00:40Z,2018-01-04T17:15:02Z
2018-01-04T18:00:00.000Z,2018-01-04T19:00:00.000Z,17.58235294117647,17.3,18.1,34,2018-01-04T18:01:50Z,2018-01-04T18:59:51Z,48.74999999999998,47,50.8,34,2018-01-04T18:01:50Z,2018-01-04T18:59:51Z,4.35,4,4.7,2,2018-01-04T18:30:01Z,2018-01-04T18:45:02Z,96.5,96,97,2,2018-01-04T18:30:01Z,2018-01-04T18:45:02Z
2018-01-04T19:00:00.000Z,2018-01-04T20:00:00.000Z,18.965999999999994,18.1,19.3,50,2018-01-04T19:00:03Z,2018-01-04T19:59:51Z,49.244000000000014,47.2,51.1,50,2018-01-04T19:00:03Z,2018-01-04T19:59:51Z,3.325,2.3,4.7,4,2018-01-04T19:00:03Z,2018-01-04T19:45:02Z,98.5,97,100,4,2018-01-04T19:00:03Z,2018-01-04T19:45:02Z
2018-01-04T20:00:00.000Z,2018-01-04T21:00:00.000Z,18.81967213114754,18.5,19.2,61,2018-01-04T20:00:03Z,2018-01-04T20:56:40Z,46.631147540983584,46.5,47.2,61,2018-01-04T20:00:03Z,2018-01-04T20:56:40Z,3.8,2.3,4.3,4,2018-01-04T20:00:03Z,2018-01-04T20:45:02Z,97.75,97,100,4,2018-01-04T20:00:03Z,2018-01-04T20:45:02Z
2018-01-04T21:00:00.000Z,2018-01-04T22:00:00.000Z,18.765000000000004,18.4,19,20,2018-01-04T21:07:04Z,2018-01-04T21:54:04Z,45.285000000000004,44.4,46.3,20,2018-01-04T21:07:04Z,2018-01-04T21:54:04Z,4.5249999999999995,3.4,6.7,4,2018-01-04T21:00:02Z,2018-01-04T21:45:01Z,94,87,97,4,2018-01-04T21:00:02Z,2018-01-04T21:45:01Z
2018-01-04T22:00:00.000Z,2018-01-04T23:00:00.000Z,18.75,18.4,19.1,40,2018-01-04T22:00:28Z,2018-01-04T22:59:53Z,43.47250000000001,43.3,44.2,40,2018-01-04T22:00:28Z,2018-01-04T22:59:53Z,3.05,2.8,3.3,4,2018-01-04T22:00:02Z,2018-01-04T22:45:02Z,95.25,95,96,4,2018-01-04T22:00:02Z,2018-01-04T22:45:02Z
2018-01-04T23:00:00.000Z,2018-01-05T00:00:00.000Z,18.014999999999997,17.7,18.4,40,2018-01-04T23:01:05Z,2018-01-04T23:52:42Z,43.45499999999998,43.3,43.7,40,2018-01-04T23:01:05Z,2018-01-04T23:52:42Z,2,2,2,4,2018-01-04T23:00:03Z,2018-01-04T23:45:02Z,100,100,100,4,2018-01-04T23:00:03Z,2018-01-04T23:45:02Z
2018-01-05T00:00:00.000Z,2018-01-05T01:00:00.000Z,17.447368421052634,17.3,17.6,19,2018-01-05T00:01:42Z,2018-01-05T00:50:19Z,44.084210526315786,43.8,44.5,19,2018-01-05T00:01:42Z,2018-01-05T00:50:19Z,2.425,2,2.6,4,2018-01-05T00:00:09Z,2018-01-05T00:45:02Z,95.5,95,97,4,2018-01-05T00:00:09Z,2018-01-05T00:45:02Z
2018-01-05T01:00:00.000Z,2018-01-05T02:00:00.000Z,17.003030303030293,16.9,17.2,33,2018-01-05T01:02:55Z,2018-01-05T01:58:20Z,44.89393939393939,44.7,45,33,2018-01-05T01:02:55Z,2018-01-05T01:58:20Z,2.625,2.5,3,4,2018-01-05T01:00:02Z,2018-01-05T01:45:02Z,95.75,95,96,4,2018-01-05T01:00:02Z,2018-01-05T01:45:02Z
2018-01-05T02:00:00.000Z,2018-01-05T03:00:00.000Z,16.79411764705883,16.7,16.9,34,2018-01-05T02:01:20Z,2018-01-05T02:58:21Z,45.02352941176468,44.9,45.2,34,2018-01-05T02:01:20Z,2018-01-05T02:58:21Z,3.05,2,3.4,4,2018-01-05T02:00:10Z,2018-01-05T02:45:02Z,97.25,97,98,4,2018-01-05T02:00:10Z,2018-01-05T02:45:02Z
2018-01-05T03:00:00.000Z,2018-01-05T04:00:00.000Z,16.549999999999997,16.5,16.6,16,2018-01-05T03:10:10Z,2018-01-05T03:59:35Z,45.16250000000001,45.1,45.2,16,2018-01-05T03:10:10Z,2018-01-05T03:59:35Z,1.7000000000000002,1.6,2,4,2018-01-05T03:00:03Z,2018-01-05T03:45:01Z,99.5,98,100,4,2018-01-05T03:00:03Z,2018-01-05T03:45:01Z
2018-01-05T04:00:00.000Z,2018-01-05T05:00:00.000Z,16.42972972972972,16.3,16.5,37,2018-01-05T04:01:23Z,2018-01-05T04:57:12Z,45.283783783783754,45.2,45.3,37,2018-01-05T04:01:23Z,2018-01-05T04:57:12Z,1.9333333333333333,1.5,2.3,3,2018-01-05T04:00:09Z,2018-01-05T04:45:02Z,98,96,100,3,2018-01-05T04:00:09Z,2018-01-05T04:45:02Z
2018-01-05T05:00:00.000Z,2018-01-05T06:00:00.000Z,16.294444444444448,16.2,16.3,18,2018-01-05T05:00:00Z,2018-01-05T05:49:01Z,45.3111111111111,45.3,45.4,18,2018-01-05T05:00:00Z,2018-01-05T05:49:01Z,1.875,1.5,3,4,2018-01-05T05:00:03Z,2018-01-05T05:45:02Z,99.25,97,100,4,2018-01-05T05:00:03Z,2018-01-05T05:45:02Z
2018-01-05T06:00:00.000Z,2018-01-05T07:00:00.000Z,16.13333333333333,16.1,16.2,6,2018-01-05T06:10:38Z,2018-01-05T06:55:27Z,45.416666666666664,45.4,45.5,6,2018-01-05T06:10:38Z,2018-01-05T06:55:27Z,2.625,1.5,3,4,2018-01-05T06:00:15Z,2018-01-05T06:45:02Z,97.75,97,100,4,2018-01-05T06:00:15Z,2018-01-05T06:45:02Z
2018-01-05T07:00:00.000Z,2018-01-05T08:00:00.000Z,16.40392156862746,16.1,17.8,51,2018-01-05T07:00:03Z,2018-01-05T07:57:05Z,46.11764705882352,45.2,47.1,51,2018-01-05T07:00:03Z,2018-01-05T07:57:05Z,2.15,1.5,2.8,4,2018-01-05T07:00:07Z,2018-01-05T07:45:03Z,98.5,97,100,4,2018-01-05T07:00:07Z,2018-01-05T07:45:03Z
2018-01-05T08:00:00.000Z,2018-01-05T09:00:00.000Z,17.70300751879698,17.5,17.9,133,2018-01-05T08:00:05Z,2018-01-05T08:59:54Z,44.42255639097744,44.2,45,133,2018-01-05T08:00:05Z,2018-01-05T08:59:54Z,2.8,2.8,2.8,4,2018-01-05T08:00:05Z,2018-01-05T08:45:02Z,97,97,97,4,2018-01-05T08:00:05Z,2018-01-05T08:45:02Z
2018-01-05T09:00:00.000Z,2018-01-05T10:00:00.000Z,17.68563218390807,17.4,18.6,174,2018-01-05T09:00:18Z,2018-01-05T09:59:55Z,45.572413793103536,44.6,46.1,174,2018-01-05T09:00:18Z,2018-01-05T09:59:55Z,2.9,2.8,3,4,2018-01-05T09:00:01Z,2018-01-05T09:45:02Z,97.5,97,98,4,2018-01-05T09:00:01Z,2018-01-05T09:45:02Z
2018-01-05T10:00:00.000Z,2018-01-05T11:00:00.000Z,18.628571428571426,18.2,18.7,28,2018-01-05T10:00:19Z,2018-01-05T10:58:31Z,44.44642857142858,44.2,44.8,28,2018-01-05T10:00:19Z,2018-01-05T10:58:31Z,2.25,1.5,3,4,2018-01-05T10:00:05Z,2018-01-05T10:45:03Z,99,98,100,4,2018-01-05T10:00:05Z,2018-01-05T10:45:03Z
2018-01-05T11:00:00.000Z,2018-01-05T12:00:00.000Z,18.10967741935485,18.1,18.2,31,2018-01-05T11:18:20Z,2018-01-05T11:56:08Z,45.82903225806451,44.3,46.2,31,2018-01-05T11:18:20Z,2018-01-05T11:56:08Z,3.1,3.1,3.1,4,2018-01-05T11:00:04Z,2018-01-05T11:45:02Z,98,98,98,4,2018-01-05T11:00:04Z,2018-01-05T11:45:02Z
2018-01-05T12:00:00.000Z,2018-01-05T13:00:00.000Z,17.8,17.5,18.1,6,2018-01-05T12:00:20Z,2018-01-05T12:54:33Z,44.449999999999996,44.2,45.2,6,2018-01-05T12:00:20Z,2018-01-05T12:54:33Z,4.55,3.5,5.6,4,2018-01-05T12:00:02Z,2018-01-05T12:45:02Z,90.25,86,95,4,2018-01-05T12:00:02Z,2018-01-05T12:45:02Z
2018-01-05T13:00:00.000Z,2018-01-05T14:00:00.000Z,17.21666666666667,17.1,17.4,6,2018-01-05T13:07:58Z,2018-01-05T13:52:22Z,44.6,44.4,44.8,6,2018-01-05T13:07:58Z,2018-01-05T13:52:22Z,5.125,3.4,5.7,4,2018-01-05T13:00:03Z,2018-01-05T13:45:03Z,88.75,87,94,4,2018-01-05T13:00:03Z,2018-01-05T13:45:03Z
2018-01-05T14:00:00.000Z,2018-01-05T15:00:00.000Z,16.925,16.8,17,4,2018-01-05T14:10:23Z,2018-01-05T14:38:48Z,45.05,44.9,45.2,4,2018-01-05T14:10:23Z,2018-01-05T14:38:48Z,2.5,2.2,3.4,4,2018-01-05T14:00:11Z,2018-01-05T14:45:02Z,98,92,100,4,2018-01-05T14:00:11Z,2018-01-05T14:45:02Z
2018-01-05T15:00:00.000Z,2018-01-05T16:00:00.000Z,16.6125,16.5,16.7,8,2018-01-05T15:07:48Z,2018-01-05T15:57:13Z,45.625,45.5,45.8,8,2018-01-05T15:07:48Z,2018-01-05T15:57:13Z,3.65,3.6,3.7,4,2018-01-05T15:00:02Z,2018-01-05T15:45:02Z,92.5,92,93,4,2018-01-05T15:00:02Z,2018-01-05T15:45:02Z
2018-01-05T16:00:00.000Z,2018-01-05T17:00:00.000Z,16.325000000000003,16.3,16.4,16,2018-01-05T16:24:50Z,2018-01-05T16:59:51Z,46.287499999999994,46,46.4,16,2018-01-05T16:24:50Z,2018-01-05T16:59:51Z,3.5749999999999997,3.5,3.6,4,2018-01-05T16:00:02Z,2018-01-05T16:45:02Z,94,94,94,4,2018-01-05T16:00:02Z,2018-01-05T16:45:02Z
2018-01-05T17:00:00.000Z,2018-01-05T18:00:00.000Z,16.296875000000007,16.2,16.3,32,2018-01-05T17:00:39Z,2018-01-05T17:59:41Z,46.98125,46.4,47.8,32,2018-01-05T17:00:39Z,2018-01-05T17:59:41Z,3.5999999999999996,3.5,3.7,4,2018-01-05T17:00:02Z,2018-01-05T17:45:02Z,94.25,94,95,4,2018-01-05T17:00:02Z,2018-01-05T17:45:02Z
2018-01-05T18:00:00.000Z,2018-01-05T19:00:00.000Z,16.19615384615384,16.1,16.2,26,2018-01-05T18:02:41Z,2018-01-05T18:58:55Z,48.396153846153844,47.7,49.7,26,2018-01-05T18:02:41Z,2018-01-05T18:58:55Z,3.975,3.4,5.2,4,2018-01-05T18:00:03Z,2018-01-05T18:45:02Z,93.5,92,94,4,2018-01-05T18:00:03Z,2018-01-05T18:45:02Z
2018-01-05T19:00:00.000Z,2018-01-05T20:00:00.000Z,16.147826086956524,16.1,16.2,23,2018-01-05T19:00:31Z,2018-01-05T19:54:44Z,49.35652173913045,48.9,49.9,23,2018-01-05T19:00:31Z,2018-01-05T19:54:44Z,3.75,3.5,4,4,2018-01-05T19:00:05Z,2018-01-05T19:45:02Z,93.5,93,94,4,2018-01-05T19:00:05Z,2018-01-05T19:45:02Z
2018-01-05T20:00:00.000Z,2018-01-05T21:00:00.000Z,16.033333333333335,16,16.1,12,2018-01-05T20:21:21Z,2018-01-05T20:55:46Z,48.45833333333332,48.3,48.6,12,2018-01-05T20:21:21Z,2018-01-05T20:55:46Z,4.275,4,4.5,4,2018-01-05T20:00:04Z,2018-01-05T20:45:03Z,88.75,87,92,4,2018-01-05T20:00:04Z,2018-01-05T20:45:03Z
2018-01-05T21:00:00.000Z,2018-01-05T22:00:00.000Z,15.966666666666661,15.9,16,21,2018-01-05T21:00:34Z,2018-01-05T21:59:24Z,48.07619047619047,47.9,48.3,21,2018-01-05T21:00:34Z,2018-01-05T21:59:24Z,3.825,3.5,4.4,4,2018-01-05T21:00:04Z,2018-01-05T21:45:02Z,92,91,93,4,2018-01-05T21:00:04Z,2018-01-05T21:45:02Z
2018-01-05T22:00:00.000Z,2018-01-05T23:00:00.000Z,15.878947368421057,15.8,15.9,19,2018-01-05T22:01:48Z,2018-01-05T22:55:14Z,47.77894736842107,47.7,47.9,19,2018-01-05T22:01:48Z,2018-01-05T22:55:14Z,3.45,3.2,3.6,4,2018-01-05T22:00:03Z,2018-01-05T22:45:02Z,92.25,92,93,4,2018-01-05T22:00:03Z,2018-01-05T22:45:02Z
2018-01-05T23:00:00.000Z,2018-01-06T00:00:00.000Z,15.800000000000006,15.8,15.8,25,2018-01-05T23:03:02Z,2018-01-05T23:59:16Z,47.492,47.1,47.7,25,2018-01-05T23:03:02Z,2018-01-05T23:59:16Z,3.3000000000000003,3.2,3.4,4,2018-01-05T23:00:02Z,2018-01-05T23:45:02Z,90.5,90,91,4,2018-01-05T23:00:02Z,2018-01-05T23:45:02Z
2018-01-06T00:00:00.000Z,2018-01-06T01:00:00.000Z,15.699999999999992,15.7,15.7,26,2018-01-06T00:01:40Z,2018-01-06T00:56:05Z,46.838461538461516,46.6,47.1,26,2018-01-06T00:01:40Z,2018-01-06T00:56:05Z,3.2249999999999996,3.2,3.3,4,2018-01-06T00:00:35Z,2018-01-06T00:45:02Z,90.5,90,91,4,2018-01-06T00:00:35Z,2018-01-06T00:45:02Z
2018-01-06T01:00:00.000Z,2018-01-06T02:00:00.000Z,15.647058823529422,15.6,15.7,34,2018-01-06T01:02:06Z,2018-01-06T01:59:56Z,46.311764705882354,46.2,46.5,34,2018-01-06T01:02:06Z,2018-01-06T01:59:56Z,3.225,3.1,3.4,4,2018-01-06T01:00:03Z,2018-01-06T01:45:02Z,90.25,89,91,4,2018-01-06T01:00:03Z,2018-01-06T01:45:02Z
2018-01-06T02:00:00.000Z,2018-01-06T03:00:00.000Z,15.546428571428569,15.5,15.6,28,2018-01-06T02:01:32Z,2018-01-06T02:54:33Z,46.05714285714287,45.9,46.2,28,2018-01-06T02:01:32Z,2018-01-06T02:54:33Z,3.175,3.1,3.3,4,2018-01-06T02:00:12Z,2018-01-06T02:45:03Z,89.5,88,91,4,2018-01-06T02:00:12Z,2018-01-06T02:45:03Z
2018-01-06T03:00:00.000Z,2018-01-06T04:00:00.000Z,15.475862068965512,15.4,15.5,29,2018-01-06T03:00:22Z,2018-01-06T03:58:48Z,45.80344827586207,45.7,45.9,29,2018-01-06T03:00:22Z,2018-01-06T03:58:48Z,3.2250000000000005,3.2,3.3,4,2018-01-06T03:00:14Z,2018-01-06T03:45:03Z,87.75,87,89,4,2018-01-06T03:00:14Z,2018-01-06T03:45:03Z
2018-01-06T04:00:00.000Z,2018-01-06T05:00:00.000Z,15.39999999999999,15.4,15.4,36,2018-01-06T04:01:12Z,2018-01-06T04:59:02Z,45.41666666666666,45.2,45.6,36,2018-01-06T04:01:12Z,2018-01-06T04:59:02Z,3.5,3.3,3.6,4,2018-01-06T04:00:03Z,2018-01-06T04:45:03Z,85.75,84,87,4,2018-01-06T04:00:03Z,2018-01-06T04:45:03Z
2018-01-06T05:00:00.000Z,2018-01-06T06:00:00.000Z,15.300000000000006,15.3,15.3,20,2018-01-06T05:05:26Z,2018-01-06T05:59:52Z,45.08,44.9,45.2,20,2018-01-06T05:05:26Z,2018-01-06T05:59:52Z,3.675,3.5,3.8,4,2018-01-06T05:00:18Z,2018-01-06T05:45:02Z,82.75,82,83,4,2018-01-06T05:00:18Z,2018-01-06T05:45:02Z
2018-01-06T06:00:00.000Z,2018-01-06T07:00:00.000Z,15.226470588235289,15.2,15.3,34,2018-01-06T06:03:52Z,2018-01-06T06:58:42Z,44.67941176470589,44.5,44.9,34,2018-01-06T06:03:52Z,2018-01-06T06:58:42Z,3.1499999999999995,2.8,3.4,4,2018-01-06T06:00:13Z,2018-01-06T06:45:02Z,87.25,86,90,4,2018-01-06T06:00:13Z,2018-01-06T06:45:02Z
2018-01-06T07:00:00.000Z,2018-01-06T08:00:00.000Z,15.142857142857153,15.1,15.2,35,2018-01-06T07:00:18Z,2018-01-06T07:59:32Z,44.46000000000002,44.4,44.5,35,2018-01-06T07:00:18Z,2018-01-06T07:59:32Z,3.025,2.8,3.1,4,2018-01-06T07:00:10Z,2018-01-06T07:45:01Z,79.75,78,83,4,2018-01-06T07:00:10Z,2018-01-06T07:45:01Z
2018-01-06T08:00:00.000Z,2018-01-06T09:00:00.000Z,15.05862068965517,15,15.1,29,2018-01-06T08:00:32Z,2018-01-06T08:56:58Z,44.14482758620691,44,44.4,29,2018-01-06T08:00:32Z,2018-01-06T08:56:58Z,2.9,2.8,3,4,2018-01-06T08:00:02Z,2018-01-06T08:45:01Z,76.25,74,79,4,2018-01-06T08:00:02Z,2018-01-06T08:45:01Z
2018-01-06T09:00:00.000Z,2018-01-06T10:00:00.000Z,15,15,15,34,2018-01-06T09:00:22Z,2018-01-06T09:59:24Z,43.85294117647057,43.7,44,34,2018-01-06T09:00:22Z,2018-01-06T09:59:24Z,3.0749999999999997,3,3.1,4,2018-01-06T09:00:03Z,2018-01-06T09:45:02Z,70.75,70,71,4,2018-01-06T09:00:03Z,2018-01-06T09:45:02Z
2018-01-06T10:00:00.000Z,2018-01-06T11:00:00.000Z,14.987499999999997,14.9,15,48,2018-01-06T10:01:12Z,2018-01-06T10:59:50Z,43.5625,43.5,43.7,48,2018-01-06T10:01:12Z,2018-01-06T10:59:50Z,3.25,3.2,3.3,4,2018-01-06T10:00:02Z,2018-01-06T10:45:02Z,70,70,70,4,2018-01-06T10:00:02Z,2018-01-06T10:45:02Z
2018-01-06T11:00:00.000Z,2018-01-06T12:00:00.000Z,16.37857142857143,14.9,19.5,28,2018-01-06T11:02:03Z,2018-01-06T11:58:16Z,41.24642857142857,35.5,43.5,28,2018-01-06T11:02:03Z,2018-01-06T11:58:16Z,3.4499999999999997,3.3,3.6,4,2018-01-06T11:00:03Z,2018-01-06T11:45:02Z,70.5,69,71,4,2018-01-06T11:00:03Z,2018-01-06T11:45:02Z
2018-01-06T12:00:00.000Z,2018-01-06T13:00:00.000Z,17.02285714285715,16.2,19.1,35,2018-01-06T12:00:28Z,2018-01-06T12:59:06Z,38.374285714285705,35.6,39.8,35,2018-01-06T12:00:28Z,2018-01-06T12:59:06Z,3.675,3.5,3.8,4,2018-01-06T12:00:03Z,2018-01-06T12:45:02Z,70,70,70,4,2018-01-06T12:00:03Z,2018-01-06T12:45:02Z
2018-01-06T13:00:00.000Z,2018-01-06T14:00:00.000Z,15.759459459459464,15.5,16.1,37,2018-01-06T13:00:06Z,2018-01-06T13:59:19Z,40.529729729729745,39.8,41.1,37,2018-01-06T13:00:06Z,2018-01-06T13:59:19Z,3.675,3.6,3.7,4,2018-01-06T13:00:10Z,2018-01-06T13:45:01Z,68,67,69,4,2018-01-06T13:00:10Z,2018-01-06T13:45:01Z
2018-01-06T14:00:00.000Z,2018-01-06T15:00:00.000Z,15.32571428571429,15.2,15.5,35,2018-01-06T14:02:07Z,2018-01-06T14:59:33Z,41.30857142857143,41.1,41.5,35,2018-01-06T14:02:07Z,2018-01-06T14:59:33Z,3.55,3.5,3.6,4,2018-01-06T14:00:02Z,2018-01-06T14:45:02Z,67.75,67,69,4,2018-01-06T14:00:02Z,2018-01-06T14:45:02Z
2018-01-06T15:00:00.000Z,2018-01-06T16:00:00.000Z,15.041025641025639,15,15.2,39,2018-01-06T15:01:57Z,2018-01-06T15:59:35Z,41.597435897435886,41.5,41.7,39,2018-01-06T15:01:57Z,2018-01-06T15:59:35Z,3.425,3.3,3.5,4,2018-01-06T15:00:09Z,2018-01-06T15:45:02Z,68.5,68,69,4,2018-01-06T15:00:09Z,2018-01-06T15:45:02Z
2018-01-06T16:00:00.000Z,2018-01-06T17:00:00.000Z,14.868749999999983,14.8,14.9,48,2018-01-06T16:00:35Z,2018-01-06T16:57:25Z,41.870833333333344,41.7,42,48,2018-01-06T16:00:35Z,2018-01-06T16:57:25Z,2.9749999999999996,2.8,3.1,4,2018-01-06T16:00:03Z,2018-01-06T16:45:07Z,69,68,70,4,2018-01-06T16:00:03Z,2018-01-06T16:45:07Z
2018-01-06T17:00:00.000Z,2018-01-06T18:00:00.000Z,14.749999999999996,14.7,14.8,32,2018-01-06T17:00:37Z,2018-01-06T17:59:28Z,42.09062500000002,42,42.2,32,2018-01-06T17:00:37Z,2018-01-06T17:59:28Z,2.65,2.4,2.8,4,2018-01-06T17:00:03Z,2018-01-06T17:45:02Z,67.75,66,69,4,2018-01-06T17:00:03Z,2018-01-06T17:45:02Z
2018-01-06T18:00:00.000Z,2018-01-06T19:00:00.000Z,14.663043478260873,14.6,14.7,46,2018-01-06T18:01:52Z,2018-01-06T18:59:18Z,42.20000000000003,42.2,42.2,46,2018-01-06T18:01:52Z,2018-01-06T18:59:18Z,2.4499999999999997,2.3,2.6,4,2018-01-06T18:00:02Z,2018-01-06T18:45:02Z,68.75,68,70,4,2018-01-06T18:00:02Z,2018-01-06T18:45:02Z
2018-01-06T19:00:00.000Z,2018-01-06T20:00:00.000Z,14.575000000000006,14.5,14.6,40,2018-01-06T19:00:54Z,2018-01-06T19:59:44Z,42.152499999999975,42.1,42.3,40,2018-01-06T19:00:54Z,2018-01-06T19:59:44Z,2.5749999999999997,2.5,2.6,4,2018-01-06T19:00:03Z,2018-01-06T19:45:02Z,68.5,67,70,4,2018-01-06T19:00:03Z,2018-01-06T19:45:02Z
2018-01-06T20:00:00.000Z,2018-01-06T21:00:00.000Z,14.5,14.5,14.5,47,2018-01-06T20:06:32Z,2018-01-06T20:58:58Z,42.021276595744666,42,42.1,47,2018-01-06T20:06:32Z,2018-01-06T20:58:58Z,2.575,2.5,2.7,4,2018-01-06T20:00:14Z,2018-01-06T20:45:02Z,66.5,65,68,4,2018-01-06T20:00:14Z,2018-01-06T20:45:02Z
2018-01-06T21:00:00.000Z,2018-01-06T22:00:00.000Z,14.402380952380941,14.4,14.5,42,2018-01-06T21:00:22Z,2018-01-06T21:58:13Z,42,42,42,42,2018-01-06T21:00:22Z,2018-01-06T21:58:13Z,2.7250000000000005,2.6,2.8,4,2018-01-06T21:00:02Z,2018-01-06T21:45:02Z,63.75,63,65,4,2018-01-06T21:00:02Z,2018-01-06T21:45:02Z
2018-01-06T22:00:00.000Z,2018-01-06T23:00:00.000Z,14.36764705882353,14.3,14.4,34,2018-01-06T22:02:01Z,2018-01-06T22:58:03Z,41.91470588235296,41.9,42,34,2018-01-06T22:02:01Z,2018-01-06T22:58:03Z,2.675,2.5,2.8,4,2018-01-06T22:00:08Z,2018-01-06T22:45:02Z,64.75,64,66,4,2018-01-06T22:00:08Z,2018-01-06T22:45:02Z
2018-01-06T23:00:00.000Z,2018-01-07T00:00:00.000Z,14.273584905660393,14.2,14.3,53,2018-01-06T23:00:03Z,2018-01-06T23:59:41Z,41.818867924528284,41.8,41.9,53,2018-01-06T23:00:03Z,2018-01-06T23:59:41Z,1.875,1.2,2.4,4,2018-01-06T23:00:30Z,2018-01-06T23:45:01Z,72.25,70,75,4,2018-01-06T23:00:30Z,2018-01-06T23:45:01Z
2018-01-07T00:00:00.000Z,2018-01-07T01:00:00.000Z,14.23442622950818,14.2,14.3,61,2018-01-07T00:04:06Z,2018-01-07T00:59:56Z,41.62131147540982,41.4,41.8,61,2018-01-07T00:04:06Z,2018-01-07T00:59:56Z,0.025000000000000022,-0.7,0.8,4,2018-01-07T00:00:05Z,2018-01-07T00:45:02Z,80,76,83,4,2018-01-07T00:00:05Z,2018-01-07T00:45:02Z
2018-01-07T01:00:00.000Z,2018-01-07T02:00:00.000Z,14.211111111111125,14.2,14.3,63,2018-01-07T01:00:32Z,2018-01-07T01:57:58Z,41.29365079365075,41.2,41.4,63,2018-01-07T01:00:32Z,2018-01-07T01:57:58Z,-0.9500000000000001,-1.1,-0.8,4,2018-01-07T01:00:07Z,2018-01-07T01:45:01Z,81.5,81,83,4,2018-01-07T01:00:07Z,2018-01-07T01:45:01Z
2018-01-07T02:00:00.000Z,2018-01-07T03:00:00.000Z,14.088709677419367,14,14.2,62,2018-01-07T02:00:10Z,2018-01-07T02:58:49Z,41.00483870967745,40.9,41.1,62,2018-01-07T02:00:10Z,2018-01-07T02:58:49Z,-1.5000000000000002,-1.7,-1.2,4,2018-01-07T02:00:03Z,2018-01-07T02:45:03Z,83.75,82,85,4,2018-01-07T02:00:03Z,2018-01-07T02:45:03Z
2018-01-07T03:00:00.000Z,2018-01-07T04:00:00.000Z,13.99871794871795,13.9,14,78,2018-01-07T03:00:37Z,2018-01-07T03:59:39Z,40.77820512820506,40.6,40.9,78,2018-01-07T03:00:37Z,2018-01-07T03:59:39Z,-1.9500000000000002,-2.1,-1.8,4,2018-01-07T03:00:10Z,2018-01-07T03:45:02Z,86.75,86,88,4,2018-01-07T03:00:10Z,2018-01-07T03:45:02Z
2018-01-07T04:00:00.000Z,2018-01-07T05:00:00.000Z,13.89838709677418,13.8,13.9,62,2018-01-07T04:01:39Z,2018-01-07T04:59:06Z,40.446774193548436,40.2,40.6,62,2018-01-07T04:01:39Z,2018-01-07T04:59:06Z,-1.8250000000000002,-2.1,-1.6,4,2018-01-07T04:00:13Z,2018-01-07T04:45:02Z,83.5,83,84,4,2018-01-07T04:00:13Z,2018-01-07T04:45:02Z
2018-01-07T05:00:00.000Z,2018-01-07T06:00:00.000Z,13.793750000000003,13.7,13.8,48,2018-01-07T05:00:54Z,2018-01-07T05:59:57Z,40.102083333333326,40,40.2,48,2018-01-07T05:00:54Z,2018-01-07T05:59:57Z,-1.5,-1.7,-1.4,4,2018-01-07T05:00:02Z,2018-01-07T05:45:02Z,82.75,82,84,4,2018-01-07T05:00:02Z,2018-01-07T05:45:02Z
2018-01-07T06:00:00.000Z,2018-01-07T07:00:00.000Z,13.685000000000008,13.6,13.7,60,2018-01-07T06:02:09Z,2018-01-07T06:59:23Z,39.90666666666673,39.8,40,60,2018-01-07T06:02:09Z,2018-01-07T06:59:23Z,-2.475,-3,-2,4,2018-01-07T06:00:02Z,2018-01-07T06:45:02Z,88.25,86,90,4,2018-01-07T06:00:02Z,2018-01-07T06:45:02Z
2018-01-07T07:00:00.000Z,2018-01-07T08:00:00.000Z,13.577777777777783,13.5,13.6,45,2018-01-07T07:00:11Z,2018-01-07T07:57:38Z,39.735555555555585,39.7,39.8,45,2018-01-07T07:00:11Z,2018-01-07T07:57:38Z,-3,-3.2,-2.8,4,2018-01-07T07:00:13Z,2018-01-07T07:45:04Z,88,87,90,4,2018-01-07T07:00:13Z,2018-01-07T07:45:04Z
2018-01-07T08:00:00.000Z,2018-01-07T09:00:00.000Z,13.471111111111105,13.4,13.5,45,2018-01-07T08:00:26Z,2018-01-07T08:57:29Z,39.70000000000003,39.7,39.7,45,2018-01-07T08:00:26Z,2018-01-07T08:57:29Z,-3.1750000000000003,-3.6,-2.9,4,2018-01-07T08:00:14Z,2018-01-07T08:45:02Z,89.5,88,91,4,2018-01-07T08:00:14Z,2018-01-07T08:45:02Z
2018-01-07T09:00:00.000Z,2018-01-07T10:00:00.000Z,13.399999999999988,13.4,13.4,50,2018-01-07T09:00:17Z,2018-01-07T09:59:43Z,39.64799999999997,39.6,39.7,50,2018-01-07T09:00:17Z,2018-01-07T09:59:43Z,-3.625,-3.7,-3.5,4,2018-01-07T09:00:06Z,2018-01-07T09:45:02Z,92.25,92,93,4,2018-01-07T09:00:06Z,2018-01-07T09:45:02Z
2018-01-07T10:00:00.000Z,2018-01-07T11:00:00.000Z,13.54814814814816,13.4,13.7,54,2018-01-07T10:00:55Z,2018-01-07T10:59:58Z,39.629629629629605,39.6,39.7,54,2018-01-07T10:00:55Z,2018-01-07T10:59:58Z,-2.5,-3.3,-1.3,4,2018-01-07T10:00:02Z,2018-01-07T10:45:01Z,85,78,92,4,2018-01-07T10:00:02Z,2018-01-07T10:45:01Z
2018-01-07T11:00:00.000Z,2018-01-07T12:00:00.000Z,15.827586206896552,13.8,20.5,29,2018-01-07T11:01:58Z,2018-01-07T11:53:00Z,36.831034482758625,29.5,39.7,29,2018-01-07T11:01:58Z,2018-01-07T11:53:00Z,0.2,-0.6,0.9,4,2018-01-07T11:00:02Z,2018-01-07T11:45:01Z,72.75,70,76,4,2018-01-07T11:00:02Z,2018-01-07T11:45:01Z
2018-01-07T12:00:00.000Z,2018-01-07T13:00:00.000Z,18.83846153846154,17.1,21.8,26,2018-01-07T12:02:12Z,2018-01-07T12:57:01Z,31.03461538461538,26.9,33.6,26,2018-01-07T12:02:12Z,2018-01-07T12:57:01Z,1.5750000000000002,1.2,1.9,4,2018-01-07T12:00:08Z,2018-01-07T12:45:02Z,69.75,68,71,4,2018-01-07T12:00:08Z,2018-01-07T12:45:02Z
2018-01-07T13:00:00.000Z,2018-01-07T14:00:00.000Z,20.410344827586208,17.1,22.5,29,2018-01-07T13:00:49Z,2018-01-07T13:59:37Z,27.85517241379311,25.5,32.6,29,2018-01-07T13:00:49Z,2018-01-07T13:59:37Z,2.4,2.2,2.5,4,2018-01-07T13:00:17Z,2018-01-07T13:45:02Z,67.5,67,68,4,2018-01-07T13:00:17Z,2018-01-07T13:45:02Z
2018-01-07T14:00:00.000Z,2018-01-07T15:00:00.000Z,15.905769230769229,15.2,17.1,52,2018-01-07T14:00:13Z,2018-01-07T14:59:51Z,34.71153846153846,32.6,36.1,52,2018-01-07T14:00:13Z,2018-01-07T14:59:51Z,2.825,2,3.4,4,2018-01-07T14:00:05Z,2018-01-07T14:45:02Z,70,65,74,4,2018-01-07T14:00:05Z,2018-01-07T14:45:02Z
2018-01-07T15:00:00.000Z,2018-01-07T16:00:00.000Z,14.719642857142857,14.4,15.2,56,2018-01-07T15:00:39Z,2018-01-07T15:59:17Z,37.14464285714285,36.1,37.9,56,2018-01-07T15:00:39Z,2018-01-07T15:59:17Z,1.25,0.8,1.6,4,2018-01-07T15:00:02Z,2018-01-07T15:45:03Z,77.25,74,81,4,2018-01-07T15:00:02Z,2018-01-07T15:45:03Z
2018-01-07T16:00:00.000Z,2018-01-07T17:00:00.000Z,14.175409836065578,14,14.4,61,2018-01-07T16:05:17Z,2018-01-07T16:59:55Z,38.513114754098346,38,39,61,2018-01-07T16:05:17Z,2018-01-07T16:59:55Z,-0.45,-1,0.3,4,2018-01-07T16:00:02Z,2018-01-07T16:45:02Z,85.5,82,88,4,2018-01-07T16:00:02Z,2018-01-07T16:45:02Z
2018-01-07T17:00:00.000Z,2018-01-07T18:00:00.000Z,13.915714285714266,13.8,14,70,2018-01-07T17:00:07Z,2018-01-07T17:59:09Z,39.33,39,39.6,70,2018-01-07T17:00:07Z,2018-01-07T17:59:09Z,-1.55,-1.8,-1.3,4,2018-01-07T17:00:10Z,2018-01-07T17:45:03Z,91,90,92,4,2018-01-07T17:00:10Z,2018-01-07T17:45:03Z
2018-01-07T18:00:00.000Z,2018-01-07T19:00:00.000Z,13.744444444444463,13.7,13.8,63,2018-01-07T18:00:45Z,2018-01-07T18:59:12Z,39.871428571428574,39.7,40.1,63,2018-01-07T18:00:45Z,2018-01-07T18:59:12Z,-2.0250000000000004,-2.2,-1.9,4,2018-01-07T18:00:11Z,2018-01-07T18:45:02Z,93.25,93,94,4,2018-01-07T18:00:11Z,2018-01-07T18:45:02Z
2018-01-07T19:00:00.000Z,2018-01-07T20:00:00.000Z,13.574324324324333,13.5,13.7,74,2018-01-07T19:00:00Z,2018-01-07T19:59:38Z,40.281081081081105,40.1,40.4,74,2018-01-07T19:00:00Z,2018-01-07T19:59:38Z,-2.75,-3.4,-2.4,4,2018-01-07T19:00:03Z,2018-01-07T19:45:05Z,94,93,95,4,2018-01-07T19:00:03Z,2018-01-07T19:45:05Z
2018-01-07T20:00:00.000Z,2018-01-07T21:00:00.000Z,13.478333333333328,13.4,13.5,60,2018-01-07T20:00:27Z,2018-01-07T20:58:05Z,40.46166666666666,40.4,40.6,60,2018-01-07T20:00:27Z,2018-01-07T20:58:05Z,-2.9,-3,-2.8,4,2018-01-07T20:00:06Z,2018-01-07T20:45:02Z,95.25,95,96,4,2018-01-07T20:00:06Z,2018-01-07T20:45:02Z
2018-01-07T21:00:00.000Z,2018-01-07T22:00:00.000Z,13.389062499999984,13.3,13.4,64,2018-01-07T21:00:17Z,2018-01-07T21:59:44Z,40.67500000000002,40.6,40.8,64,2018-01-07T21:00:17Z,2018-01-07T21:59:44Z,-2.8499999999999996,-2.9,-2.8,4,2018-01-07T21:00:09Z,2018-01-07T21:45:02Z,96,96,96,4,2018-01-07T21:00:09Z,2018-01-07T21:45:02Z
2018-01-07T22:00:00.000Z,2018-01-07T23:00:00.000Z,13.3,13.3,13.3,11,2018-01-07T22:02:08Z,2018-01-07T22:59:59Z,40.89999999999999,40.9,40.9,11,2018-01-07T22:02:08Z,2018-01-07T22:59:59Z,-2.875,-3,-2.8,4,2018-01-07T22:00:03Z,2018-01-07T22:45:02Z,96.25,96,97,4,2018-01-07T22:00:03Z,2018-01-07T22:45:02Z
2018-01-07T23:00:00.000Z,2018-01-08T00:00:00.000Z,13.199999999999998,13.2,13.2,12,2018-01-07T23:04:23Z,2018-01-07T23:57:49Z,40.86666666666667,40.8,40.9,12,2018-01-07T23:04:23Z,2018-01-07T23:57:49Z,-3,-3.1,-2.9,4,2018-01-07T23:00:08Z,2018-01-07T23:45:04Z,96.5,96,97,4,2018-01-07T23:00:08Z,2018-01-07T23:45:04Z
2018-01-08T00:00:00.000Z,2018-01-08T01:00:00.000Z,13.174999999999999,13.1,13.2,12,2018-01-08T00:02:26Z,2018-01-08T00:58:16Z,40.75833333333333,40.5,40.8,12,2018-01-08T00:02:26Z,2018-01-08T00:58:16Z,-3.2749999999999995,-3.3,-3.2,4,2018-01-08T00:00:22Z,2018-01-08T00:45:02Z,96,96,96,4,2018-01-08T00:00:22Z,2018-01-08T00:45:02Z
2018-01-08T01:00:00.000Z,2018-01-08T02:00:00.000Z,13.133333333333331,13.1,13.2,12,2018-01-08T01:07:41Z,2018-01-08T01:59:31Z,40.38333333333333,40.3,40.4,12,2018-01-08T01:07:41Z,2018-01-08T01:59:31Z,-3.1,-3.2,-3,4,2018-01-08T01:00:02Z,2018-01-08T01:45:02Z,96,96,96,4,2018-01-08T01:00:02Z,2018-01-08T01:45:02Z
2018-01-08T02:00:00.000Z,2018-01-08T03:00:00.000Z,12.985714285714286,12.9,13,14,2018-01-08T02:08:43Z,2018-01-08T02:59:22Z,40.142857142857146,40,40.3,14,2018-01-08T02:08:43Z,2018-01-08T02:59:22Z,-3.075,-3.2,-2.9,4,2018-01-08T02:00:03Z,2018-01-08T02:45:03Z,96,96,96,4,2018-01-08T02:00:03Z,2018-01-08T02:45:03Z
2018-01-08T03:00:00.000Z,2018-01-08T04:00:00.000Z,12.9,12.9,12.9,6,2018-01-08T03:06:58Z,2018-01-08T03:48:36Z,39.93333333333334,39.9,40,6,2018-01-08T03:06:58Z,2018-01-08T03:48:36Z,-3.1,-3.2,-3,4,2018-01-08T03:00:04Z,2018-01-08T03:45:02Z,96,96,96,4,2018-01-08T03:00:04Z,2018-01-08T03:45:02Z
2018-01-08T04:00:00.000Z,2018-01-08T05:00:00.000Z,12.809999999999999,12.8,12.9,10,2018-01-08T04:02:37Z,2018-01-08T04:49:27Z,39.75999999999999,39.7,39.9,10,2018-01-08T04:02:37Z,2018-01-08T04:49:27Z,-3.45,-4.1,-3,4,2018-01-08T04:00:17Z,2018-01-08T04:45:02Z,95.5,95,96,4,2018-01-08T04:00:17Z,2018-01-08T04:45:02Z
2018-01-08T05:00:00.000Z,2018-01-08T06:00:00.000Z,12.757142857142858,12.7,12.8,7,2018-01-08T05:12:28Z,2018-01-08T05:54:06Z,39.699999999999996,39.7,39.7,7,2018-01-08T05:12:28Z,2018-01-08T05:54:06Z,-1.425,-2.8,-0.9,4,2018-01-08T05:00:28Z,2018-01-08T05:45:01Z,89.75,88,93,4,2018-01-08T05:00:28Z,2018-01-08T05:45:01Z
2018-01-08T06:00:00.000Z,2018-01-08T07:00:00.000Z,12.641666666666664,12.6,12.7,12,2018-01-08T06:19:44Z,2018-01-08T06:59:46Z,39.666666666666664,39.6,39.7,12,2018-01-08T06:19:44Z,2018-01-08T06:59:46Z,-1,-1.1,-0.9,4,2018-01-08T06:00:14Z,2018-01-08T06:45:01Z,87.5,87,88,4,2018-01-08T06:00:14Z,2018-01-08T06:45:01Z
2018-01-08T07:00:00.000Z,2018-01-08T08:00:00.000Z,12.55,12.5,12.6,4,2018-01-08T07:13:58Z,2018-01-08T07:57:13Z,39.825,39.7,39.9,4,2018-01-08T07:13:58Z,2018-01-08T07:57:13Z,-2.55,-3,-1.8,4,2018-01-08T07:00:11Z,2018-01-08T07:45:07Z,90,88,91,4,2018-01-08T07:00:11Z,2018-01-08T07:45:07Z
2018-01-08T08:00:00.000Z,2018-01-08T09:00:00.000Z,12.5,12.5,12.5,40,2018-01-08T08:01:37Z,2018-01-08T08:58:52Z,40.18,39.9,40.3,40,2018-01-08T08:01:37Z,2018-01-08T08:58:52Z,-3.0250000000000004,-3.4,-2.7,4,2018-01-08T08:00:15Z,2018-01-08T08:45:03Z,91.5,91,92,4,2018-01-08T08:00:15Z,2018-01-08T08:45:03Z
2018-01-08T09:00:00.000Z,2018-01-08T10:00:00.000Z,12.5,12.5,12.5,88,2018-01-08T09:00:52Z,2018-01-08T09:59:07Z,40.50795454545451,40.3,40.6,88,2018-01-08T09:00:52Z,2018-01-08T09:59:07Z,-1.725,-2.8,-0.4,4,2018-01-08T09:00:02Z,2018-01-08T09:45:02Z,88.5,84,94,4,2018-01-08T09:00:02Z,2018-01-08T09:45:02Z
2018-01-08T10:00:00.000Z,2018-01-08T11:00:00.000Z,12.666666666666673,12.5,12.8,78,2018-01-08T10:00:31Z,2018-01-08T10:59:22Z,40.73333333333339,40.6,40.8,78,2018-01-08T10:00:31Z,2018-01-08T10:59:22Z,0.125,-0.2,0.6,4,2018-01-08T10:00:02Z,2018-01-08T10:45:01Z,82,80,83,4,2018-01-08T10:00:02Z,2018-01-08T10:45:01Z
2018-01-08T11:00:00.000Z,2018-01-08T12:00:00.000Z,13.13571428571429,12.9,14,42,2018-01-08T11:00:10Z,2018-01-08T11:31:35Z,40.55238095238096,39.8,40.8,42,2018-01-08T11:00:10Z,2018-01-08T11:31:35Z,1.425,1,1.9,4,2018-01-08T11:00:04Z,2018-01-08T11:45:01Z,79,78,81,4,2018-01-08T11:00:04Z,2018-01-08T11:45:01Z
2018-01-08T12:00:00.000Z,2018-01-08T13:00:00.000Z,17.244186046511636,16.5,19.6,43,2018-01-08T12:03:12Z,2018-01-08T12:31:12Z,32.68372093023255,29.1,34.2,43,2018-01-08T12:03:12Z,2018-01-08T12:31:12Z,2.4000000000000004,2.1,2.7,4,2018-01-08T12:00:13Z,2018-01-08T12:45:02Z,77,76,78,4,2018-01-08T12:00:13Z,2018-01-08T12:45:02Z
2018-01-08T13:00:00.000Z,2018-01-08T14:00:00.000Z,18.763461538461534,16.8,22.4,52,2018-01-08T13:01:49Z,2018-01-08T13:59:13Z,29.68846153846155,25.7,32.8,52,2018-01-08T13:01:49Z,2018-01-08T13:59:13Z,3,2.8,3.1,4,2018-01-08T13:00:02Z,2018-01-08T13:45:02Z,75.5,75,76,4,2018-01-08T13:00:02Z,2018-01-08T13:45:02Z
2018-01-08T14:00:00.000Z,2018-01-08T15:00:00.000Z,15.40744680851064,14.6,16.7,94,2018-01-08T14:00:37Z,2018-01-08T14:58:39Z,35.12021276595744,33,36.7,94,2018-01-08T14:00:37Z,2018-01-08T14:58:39Z,3.0999999999999996,2.8,3.3,4,2018-01-08T14:00:04Z,2018-01-08T14:45:02Z,76.5,75,78,4,2018-01-08T14:00:04Z,2018-01-08T14:45:02Z
2018-01-08T15:00:00.000Z,2018-01-08T16:00:00.000Z,14.061458333333322,13.8,14.5,96,2018-01-08T15:01:03Z,2018-01-08T15:58:41Z,37.98541666666663,36.8,38.8,96,2018-01-08T15:01:03Z,2018-01-08T15:58:41Z,2.475,2.4,2.7,4,2018-01-08T15:00:03Z,2018-01-08T15:45:03Z,78.75,78,79,4,2018-01-08T15:00:03Z,2018-01-08T15:45:03Z
2018-01-08T16:00:00.000Z,2018-01-08T17:00:00.000Z,13.517821782178242,13.4,13.7,101,2018-01-08T16:00:29Z,2018-01-08T16:59:55Z,39.53960396039606,38.9,40.1,101,2018-01-08T16:00:29Z,2018-01-08T16:59:55Z,2.1,1.9,2.2,3,2018-01-08T16:00:02Z,2018-01-08T16:45:03Z,80,80,80,3,2018-01-08T16:00:02Z,2018-01-08T16:45:03Z
2018-01-08T17:00:00.000Z,2018-01-08T18:00:00.000Z,13.229473684210536,13.1,13.4,95,2018-01-08T17:00:07Z,2018-01-08T17:59:58Z,40.49157894736842,40.1,40.8,95,2018-01-08T17:00:07Z,2018-01-08T17:59:58Z,1.375,1.1,1.6,4,2018-01-08T17:00:03Z,2018-01-08T17:45:03Z,82,80,84,4,2018-01-08T17:00:03Z,2018-01-08T17:45:03Z
2018-01-08T18:00:00.000Z,2018-01-08T19:00:00.000Z,13.071304347826095,13,13.1,115,2018-01-08T18:00:58Z,2018-01-08T18:59:25Z,41.211304347826115,40.9,41.6,115,2018-01-08T18:00:58Z,2018-01-08T18:59:25Z,1.475,1.2,1.7,4,2018-01-08T18:00:04Z,2018-01-08T18:45:03Z,82,81,84,4,2018-01-08T18:00:04Z,2018-01-08T18:45:03Z
2018-01-08T19:00:00.000Z,2018-01-08T20:00:00.000Z,13.039130434782608,13,13.5,69,2018-01-08T19:00:25Z,2018-01-08T19:58:52Z,42.01014492753625,41.6,42.9,69,2018-01-08T19:00:25Z,2018-01-08T19:58:52Z,1.6,1.4,1.8,4,2018-01-08T19:00:04Z,2018-01-08T19:45:02Z,81.25,81,82,4,2018-01-08T19:00:04Z,2018-01-08T19:45:02Z
2018-01-08T20:00:00.000Z,2018-01-08T21:00:00.000Z,14.233333333333333,13.6,14.9,9,2018-01-08T20:01:28Z,2018-01-08T20:59:42Z,42.888888888888886,41.7,43.4,9,2018-01-08T20:01:28Z,2018-01-08T20:59:42Z,1.425,1.3,1.5,4,2018-01-08T20:00:03Z,2018-01-08T20:45:03Z,82.25,82,83,4,2018-01-08T20:00:03Z,2018-01-08T20:45:03Z
2018-01-08T21:00:00.000Z,2018-01-08T22:00:00.000Z,15.200000000000005,14.9,15.4,13,2018-01-08T21:00:54Z,2018-01-08T21:45:44Z,40.638461538461534,40,41.7,13,2018-01-08T21:00:54Z,2018-01-08T21:45:44Z,1.9,1.5,2.4,4,2018-01-08T21:00:02Z,2018-01-08T21:45:03Z,81.75,81,82,4,2018-01-08T21:00:02Z,2018-01-08T21:45:03Z
2018-01-08T22:00:00.000Z,2018-01-08T23:00:00.000Z,15.200000000000003,15,15.4,28,2018-01-08T22:00:08Z,2018-01-08T22:31:57Z,39.989285714285714,39.7,40.2,28,2018-01-08T22:00:08Z,2018-01-08T22:31:57Z,2.05,1.9,2.3,4,2018-01-08T22:00:03Z,2018-01-08T22:45:02Z,84.5,83,87,4,2018-01-08T22:00:03Z,2018-01-08T22:45:02Z
2018-01-08T23:00:00.000Z,2018-01-09T00:00:00.000Z,14.4,14.2,14.6,3,2018-01-08T23:12:47Z,2018-01-08T23:54:36Z,40.6,40.4,40.8,3,2018-01-08T23:12:47Z,2018-01-08T23:54:36Z,2.675,2.5,2.8,4,2018-01-08T23:00:03Z,2018-01-08T23:45:03Z,82.25,82,83,4,2018-01-08T23:00:03Z,2018-01-08T23:45:03Z
2018-01-09T00:00:00.000Z,2018-01-09T01:00:00.000Z,,,,0,,,,,,0,,,3,2.9,3.2,4,2018-01-09T00:00:27Z,2018-01-09T00:45:02Z,82.25,82,83,4,2018-01-09T00:00:27Z,2018-01-09T00:45:02Z
2018-01-09T01:00:00.000Z,2018-01-09T02:00:00.000Z,13.9,13.9,13.9,1,2018-01-09T01:10:51Z,2018-01-09T01:10:51Z,41.4,41.4,41.4,1,2018-01-09T01:10:51Z,2018-01-09T01:10:51Z,3.2,3.1,3.3,4,2018-01-09T01:00:12Z,2018-01-09T01:45:02Z,83.75,82,86,4,2018-01-09T01:00:12Z,2018-01-09T01:45:02Z
2018-01-09T02:00:00.000Z,2018-01-09T03:00:00.000Z,,,,0,,,,,,0,,,3,3,3,4,2018-01-09T02:00:08Z,2018-01-09T02:45:03Z,85.5,85,86,4,2018-01-09T02:00:08Z,2018-01-09T02:45:03Z
2018-01-09T03:00:00.000Z,2018-01-09T04:00:00.000Z,,,,0,,,,,,0,,,3.175,3.1,3.2,4,2018-01-09T03:00:23Z,2018-01-09T03:45:02Z,85.75,85,86,4,2018-01-09T03:00:23Z,2018-01-09T03:45:02Z
2018-01-09T04:00:00.000Z,2018-01-09T05:00:00.000Z,,,,0,,,,,,0,,,2.925,2.7,3.1,4,2018-01-09T04:00:03Z,2018-01-09T04:45:03Z,86.25,86,87,4,2018-01-09T04:00:03Z,2018-01-09T04:45:03Z
2018-01-09T05:00:00.000Z,2018-01-09T06:00:00.000Z,,,,0,,,,,,0,,,2.4000000000000004,2.3,2.5,4,2018-01-09T05:00:03Z,2018-01-09T05:45:01Z,87.25,87,88,4,2018-01-09T05:00:03Z,2018-01-09T05:45:01Z
2018-01-09T06:00:00.000Z,2018-01-09T07:00:00.000Z,,,,0,,,,,,0,,,2.3,2.3,2.3,4,2018-01-09T06:00:17Z,2018-01-09T06:45:02Z,88,88,88,4,2018-01-09T06:00:17Z,2018-01-09T06:45:02Z
2018-01-09T07:00:00.000Z,2018-01-09T08:00:00.000Z,13.1,13.1,13.1,1,2018-01-09T07:32:44Z,2018-01-09T07:32:44Z,43,43,43,1,2018-01-09T07:32:44Z,2018-01-09T07:32:44Z,2.475,2.4,2.6,4,2018-01-09T07:00:02Z,2018-01-09T07:45:01Z,87.5,87,88,4,2018-01-09T07:00:02Z,2018-01-09T07:45:01Z
2018-01-09T08:00:00.000Z,2018-01-09T09:00:00.000Z,13.10000000000001,13.1,13.1,45,2018-01-09T08:10:34Z,2018-01-09T08:58:36Z,43.486666666666665,43.2,43.9,45,2018-01-09T08:10:34Z,2018-01-09T08:58:36Z,2.6,2.6,2.6,4,2018-01-09T08:00:02Z,2018-01-09T08:45:01Z,88,88,88,4,2018-01-09T08:00:02Z,2018-01-09T08:45:01Z
2018-01-09T09:00:00.000Z,2018-01-09T10:00:00.000Z,13.057142857142853,13,13.1,21,2018-01-09T09:03:25Z,2018-01-09T09:58:39Z,43.99523809523809,43.9,44,21,2018-01-09T09:03:25Z,2018-01-09T09:58:39Z,2.675,2.6,2.7,4,2018-01-09T09:00:08Z,2018-01-09T09:45:02Z,87.5,87,88,4,2018-01-09T09:00:08Z,2018-01-09T09:45:02Z
2018-01-09T10:00:00.000Z,2018-01-09T11:00:00.000Z,13,13,13,16,2018-01-09T10:03:16Z,2018-01-09T10:58:30Z,44,44,44,16,2018-01-09T10:03:16Z,2018-01-09T10:58:30Z,2.8000000000000003,2.7,2.9,4,2018-01-09T10:00:07Z,2018-01-09T10:45:01Z,86.75,86,87,4,2018-01-09T10:00:07Z,2018-01-09T10:45:01Z
2018-01-09T11:00:00.000Z,2018-01-09T12:00:00.000Z,13.130434782608694,13,13.8,23,2018-01-09T11:02:54Z,2018-01-09T11:55:09Z,43.88695652173914,42.8,44.1,23,2018-01-09T11:02:54Z,2018-01-09T11:55:09Z,3.1750000000000003,3,3.4,4,2018-01-09T11:00:02Z,2018-01-09T11:45:01Z,86.25,86,87,4,2018-01-09T11:00:02Z,2018-01-09T11:45:01Z
2018-01-09T12:00:00.000Z,2018-01-09T13:00:00.000Z,13.266666666666664,13.2,13.4,27,2018-01-09T12:05:09Z,2018-01-09T12:59:00Z,43.63333333333334,43.3,43.9,27,2018-01-09T12:05:09Z,2018-01-09T12:59:00Z,3.55,3.5,3.6,4,2018-01-09T12:00:02Z,2018-01-09T12:45:04Z,86,86,86,4,2018-01-09T12:00:02Z,2018-01-09T12:45:04Z
2018-01-09T13:00:00.000Z,2018-01-09T14:00:00.000Z,13.118749999999997,13.1,13.2,16,2018-01-09T13:00:48Z,2018-01-09T13:59:38Z,44.01250000000001,43.9,44.2,16,2018-01-09T13:00:48Z,2018-01-09T13:59:38Z,3.675,3.6,3.8,4,2018-01-09T13:00:03Z,2018-01-09T13:45:02Z,85.25,85,86,4,2018-01-09T13:00:03Z,2018-01-09T13:45:02Z
2018-01-09T14:00:00.000Z,2018-01-09T15:00:00.000Z,13.063636363636363,13,13.1,22,2018-01-09T14:07:51Z,2018-01-09T14:59:29Z,44.34545454545454,44.3,44.5,22,2018-01-09T14:07:51Z,2018-01-09T14:59:29Z,3.8,3.8,3.8,4,2018-01-09T14:00:11Z,2018-01-09T14:45:03Z,85.75,85,86,4,2018-01-09T14:00:11Z,2018-01-09T14:45:03Z
2018-01-09T15:00:00.000Z,2018-01-09T16:00:00.000Z,13,13,13,23,2018-01-09T15:05:54Z,2018-01-09T15:58:44Z,44.63043478260872,44.5,44.7,23,2018-01-09T15:05:54Z,2018-01-09T15:58:44Z,3.9,3.9,3.9,4,2018-01-09T15:00:07Z,2018-01-09T15:45:02Z,85.75,85,86,4,2018-01-09T15:00:07Z,2018-01-09T15:45:02Z
2018-01-09T16:00:00.000Z,2018-01-09T17:00:00.000Z,12.953333333333337,12.9,13,15,2018-01-09T16:01:20Z,2018-01-09T16:54:23Z,44.84,44.7,45,15,2018-01-09T16:01:20Z,2018-01-09T16:54:23Z,3.7749999999999995,3.7,3.8,4,2018-01-09T16:00:10Z,2018-01-09T16:45:04Z,87.25,87,88,4,2018-01-09T16:00:10Z,2018-01-09T16:45:04Z
2018-01-09T17:00:00.000Z,2018-01-09T18:00:00.000Z,12.900000000000004,12.9,12.9,19,2018-01-09T17:01:47Z,2018-01-09T17:56:50Z,45.26315789473683,45.1,45.4,19,2018-01-09T17:01:47Z,2018-01-09T17:56:50Z,3.875,3.8,3.9,4,2018-01-09T17:00:03Z,2018-01-09T17:45:03Z,86.5,86,87,4,2018-01-09T17:00:03Z,2018-01-09T17:45:03Z
2018-01-09T18:00:00.000Z,2018-01-09T19:00:00.000Z,12.899999999999991,12.9,12.9,35,2018-01-09T18:01:38Z,2018-01-09T18:59:53Z,45.69142857142856,45.5,45.8,35,2018-01-09T18:01:38Z,2018-01-09T18:59:53Z,3.9,3.9,3.9,4,2018-01-09T18:00:07Z,2018-01-09T18:45:02Z,85.75,85,86,4,2018-01-09T18:00:07Z,2018-01-09T18:45:02Z
2018-01-09T19:00:00.000Z,2018-01-09T20:00:00.000Z,12.900000000000002,12.9,12.9,21,2018-01-09T19:00:29Z,2018-01-09T19:58:44Z,46.052380952380965,45.9,46.1,21,2018-01-09T19:00:29Z,2018-01-09T19:58:44Z,3.725,3.6,3.8,4,2018-01-09T19:00:02Z,2018-01-09T19:45:05Z,86.25,86,87,4,2018-01-09T19:00:02Z,2018-01-09T19:45:05Z
2018-01-09T20:00:00.000Z,2018-01-09T21:00:00.000Z,12.899999999999999,12.9,12.9,25,2018-01-09T20:01:08Z,2018-01-09T20:56:46Z,46.084,46,46.1,25,2018-01-09T20:01:08Z,2018-01-09T20:56:46Z,3.425,3.3,3.5,4,2018-01-09T20:00:02Z,2018-01-09T20:45:02Z,86,86,86,4,2018-01-09T20:00:02Z,2018-01-09T20:45:02Z
2018-01-09T21:00:00.000Z,2018-01-09T22:00:00.000Z,13.26350364963504,12.9,13.7,137,2018-01-09T21:00:23Z,2018-01-09T21:59:01Z,46.800729927007275,46.1,47.5,137,2018-01-09T21:00:23Z,2018-01-09T21:59:01Z,3.125,3,3.2,4,2018-01-09T21:00:09Z,2018-01-09T21:45:02Z,85.5,84,86,4,2018-01-09T21:00:09Z,2018-01-09T21:45:02Z
2018-01-09T22:00:00.000Z,2018-01-09T23:00:00.000Z,13.639999999999993,13.5,13.8,90,2018-01-09T22:00:26Z,2018-01-09T22:59:52Z,45.90444444444448,45.6,46.1,90,2018-01-09T22:00:26Z,2018-01-09T22:59:52Z,3.025,2.9,3.1,4,2018-01-09T22:00:09Z,2018-01-09T22:45:02Z,86.75,86,87,4,2018-01-09T22:00:09Z,2018-01-09T22:45:02Z
2018-01-09T23:00:00.000Z,2018-01-10T00:00:00.000Z,13.399999999999984,13.3,13.5,49,2018-01-09T23:04:04Z,2018-01-09T23:59:55Z,45.53061224489794,45.5,45.6,49,2018-01-09T23:04:04Z,2018-01-09T23:59:55Z,2.7,2.7,2.7,4,2018-01-09T23:00:13Z,2018-01-09T23:45:02Z,87.75,87,88,4,2018-01-09T23:00:13Z,2018-01-09T23:45:02Z
2018-01-10T00:00:00.000Z,2018-01-10T01:00:00.000Z,13.29999999999999,13.3,13.3,59,2018-01-10T00:00:19Z,2018-01-10T00:58:58Z,45.66949152542372,45.6,45.7,59,2018-01-10T00:00:19Z,2018-01-10T00:58:58Z,3,2.7,3.1,4,2018-01-10T00:00:03Z,2018-01-10T00:45:02Z,86.5,86,88,4,2018-01-10T00:00:03Z,2018-01-10T00:45:02Z
2018-01-10T01:00:00.000Z,2018-01-10T02:00:00.000Z,13.14705882352942,13.1,13.2,68,2018-01-10T01:02:34Z,2018-01-10T01:59:24Z,45.679411764705875,45.6,45.8,68,2018-01-10T01:02:34Z,2018-01-10T01:59:24Z,2.85,2.6,3.2,4,2018-01-10T01:00:04Z,2018-01-10T01:45:01Z,87.25,86,88,4,2018-01-10T01:00:04Z,2018-01-10T01:45:01Z
2018-01-10T02:00:00.000Z,2018-01-10T03:00:00.000Z,13.064102564102566,13,13.1,39,2018-01-10T02:01:49Z,2018-01-10T02:59:51Z,45.83589743589746,45.8,45.9,39,2018-01-10T02:01:49Z,2018-01-10T02:59:51Z,3.025,2.9,3.1,4,2018-01-10T02:00:02Z,2018-01-10T02:45:12Z,87.75,87,88,4,2018-01-10T02:00:02Z,2018-01-10T02:45:12Z
2018-01-10T03:00:00.000Z,2018-01-10T04:00:00.000Z,13,13,13,53,2018-01-10T03:00:03Z,2018-01-10T03:55:54Z,45.966037735849056,45.9,46,53,2018-01-10T03:00:03Z,2018-01-10T03:55:54Z,3,3,3,4,2018-01-10T03:00:12Z,2018-01-10T03:45:08Z,88,88,88,4,2018-01-10T03:00:12Z,2018-01-10T03:45:08Z
2018-01-10T04:00:00.000Z,2018-01-10T05:00:00.000Z,12.90749999999999,12.9,13,40,2018-01-10T04:02:06Z,2018-01-10T04:59:33Z,46.09249999999999,46,46.2,40,2018-01-10T04:02:06Z,2018-01-10T04:59:33Z,3.7750000000000004,3.6,3.9,4,2018-01-10T04:00:03Z,2018-01-10T04:45:02Z,87.75,87,88,4,2018-01-10T04:00:03Z,2018-01-10T04:45:02Z
2018-01-10T05:00:00.000Z,2018-01-10T06:00:00.000Z,12.899999999999988,12.9,12.9,50,2018-01-10T05:00:57Z,2018-01-10T05:59:00Z,46.306000000000004,46.2,46.4,50,2018-01-10T05:00:57Z,2018-01-10T05:59:00Z,3.9,3.8,4,4,2018-01-10T05:00:02Z,2018-01-10T05:45:02Z,87.5,87,88,4,2018-01-10T05:00:02Z,2018-01-10T05:45:02Z
2018-01-10T06:00:00.000Z,2018-01-10T07:00:00.000Z,12.899999999999988,12.9,12.9,50,2018-01-10T06:00:00Z,2018-01-10T06:58:15Z,46.52599999999995,46.4,46.7,50,2018-01-10T06:00:00Z,2018-01-10T06:58:15Z,3.5,3,4,4,2018-01-10T06:00:01Z,2018-01-10T06:45:01Z,90,87,93,4,2018-01-10T06:00:01Z,2018-01-10T06:45:01Z
2018-01-10T07:00:00.000Z,2018-01-10T08:00:00.000Z,12.899999999999988,12.9,12.9,57,2018-01-10T07:00:51Z,2018-01-10T07:59:18Z,46.92807017543856,46.7,47.2,57,2018-01-10T07:00:51Z,2018-01-10T07:59:18Z,3.5,3,4,4,2018-01-10T07:00:08Z,2018-01-10T07:45:01Z,93,93,93,4,2018-01-10T07:00:08Z,2018-01-10T07:45:01Z
2018-01-10T08:00:00.000Z,2018-01-10T09:00:00.000Z,12.897101449275347,12.8,12.9,69,2018-01-10T08:01:06Z,2018-01-10T08:57:09Z,47.456521739130444,47.2,47.8,69,2018-01-10T08:01:06Z,2018-01-10T08:57:09Z,3,3,3,4,2018-01-10T08:00:01Z,2018-01-10T08:45:02Z,96.5,93,100,4,2018-01-10T08:00:01Z,2018-01-10T08:45:02Z
2018-01-10T09:00:00.000Z,2018-01-10T10:00:00.000Z,12.836666666666671,12.8,12.9,30,2018-01-10T09:00:21Z,2018-01-10T09:56:24Z,48.15333333333335,47.9,48.3,30,2018-01-10T09:00:21Z,2018-01-10T09:56:24Z,3,3,3,4,2018-01-10T09:00:02Z,2018-01-10T09:45:02Z,100,100,100,4,2018-01-10T09:00:02Z,2018-01-10T09:45:02Z
2018-01-10T10:00:00.000Z,2018-01-10T11:00:00.000Z,12.899999999999995,12.9,12.9,28,2018-01-10T10:05:48Z,2018-01-10T10:58:27Z,48.414285714285704,48.3,48.6,28,2018-01-10T10:05:48Z,2018-01-10T10:58:27Z,3,3,3,4,2018-01-10T10:00:06Z,2018-01-10T10:45:02Z,100,100,100,4,2018-01-10T10:00:06Z,2018-01-10T10:45:02Z
2018-01-10T11:00:00.000Z,2018-01-10T12:00:00.000Z,12.900000000000004,12.9,12.9,19,2018-01-10T11:03:51Z,2018-01-10T11:59:30Z,48.64210526315792,48.6,48.7,19,2018-01-10T11:03:51Z,2018-01-10T11:59:30Z,4,4,4,4,2018-01-10T11:00:02Z,2018-01-10T11:45:01Z,93,93,93,4,2018-01-10T11:00:02Z,2018-01-10T11:45:01Z
2018-01-10T12:00:00.000Z,2018-01-10T13:00:00.000Z,12.899999999999995,12.9,12.9,28,2018-01-10T12:00:06Z,2018-01-10T12:58:57Z,48.84642857142858,48.7,49,28,2018-01-10T12:00:06Z,2018-01-10T12:58:57Z,4,4,4,4,2018-01-10T12:00:06Z,2018-01-10T12:45:01Z,93,93,93,4,2018-01-10T12:00:06Z,2018-01-10T12:45:01Z
2018-01-10T13:00:00.000Z,2018-01-10T14:00:00.000Z,12.900000000000002,12.9,12.9,21,2018-01-10T13:02:09Z,2018-01-10T13:58:47Z,49.18095238095239,49,49.4,21,2018-01-10T13:02:09Z,2018-01-10T13:58:47Z,4,4,4,4,2018-01-10T13:00:02Z,2018-01-10T13:45:01Z,96.5,93,100,4,2018-01-10T13:00:02Z,2018-01-10T13:45:01Z
2018-01-10T14:00:00.000Z,2018-01-10T15:00:00.000Z,12.899999999999991,12.9,12.9,35,2018-01-10T14:00:36Z,2018-01-10T14:58:38Z,49.499999999999964,49.4,49.6,35,2018-01-10T14:00:36Z,2018-01-10T14:58:38Z,4,4,4,4,2018-01-10T14:00:02Z,2018-01-10T14:45:02Z,96.5,93,100,4,2018-01-10T14:00:02Z,2018-01-10T14:45:02Z
2018-01-10T15:00:00.000Z,2018-01-10T16:00:00.000Z,12.899999999999995,12.9,12.9,29,2018-01-10T15:00:50Z,2018-01-10T15:59:05Z,49.66896551724139,49.6,49.8,29,2018-01-10T15:00:50Z,2018-01-10T15:59:05Z,4,4,4,4,2018-01-10T15:00:01Z,2018-01-10T15:45:02Z,96.5,93,100,4,2018-01-10T15:00:01Z,2018-01-10T15:45:02Z
2018-01-10T16:00:00.000Z,2018-01-10T17:00:00.000Z,12.93333333333333,12.9,13,27,2018-01-10T16:00:05Z,2018-01-10T16:59:56Z,49.88148148148149,49.8,50,27,2018-01-10T16:00:05Z,2018-01-10T16:59:56Z,4,4,4,4,2018-01-10T16:00:05Z,2018-01-10T16:45:04Z,93,93,93,4,2018-01-10T16:00:05Z,2018-01-10T16:45:04Z
2018-01-10T17:00:00.000Z,2018-01-10T18:00:00.000Z,13,13,13,69,2018-01-10T17:03:21Z,2018-01-10T17:59:47Z,50.172463768115975,50,50.3,69,2018-01-10T17:03:21Z,2018-01-10T17:59:47Z,3,3,3,4,2018-01-10T17:00:01Z,2018-01-10T17:45:01Z,96.5,93,100,4,2018-01-10T17:00:01Z,2018-01-10T17:45:01Z
2018-01-10T18:00:00.000Z,2018-01-10T19:00:00.000Z,13,13,13,125,2018-01-10T18:00:59Z,2018-01-10T18:59:38Z,50.5288000000001,50.3,50.7,125,2018-01-10T18:00:59Z,2018-01-10T18:59:38Z,3,3,3,4,2018-01-10T18:00:03Z,2018-01-10T18:45:02Z,93,93,93,4,2018-01-10T18:00:03Z,2018-01-10T18:45:02Z
2018-01-10T19:00:00.000Z,2018-01-10T20:00:00.000Z,13,13,13,86,2018-01-10T19:01:26Z,2018-01-10T19:59:05Z,50.75116279069765,50.7,50.9,86,2018-01-10T19:01:26Z,2018-01-10T19:59:05Z,3,3,3,4,2018-01-10T19:00:02Z,2018-01-10T19:45:02Z,93,93,93,4,2018-01-10T19:00:02Z,2018-01-10T19:45:02Z
2018-01-10T20:00:00.000Z,2018-01-10T21:00:00.000Z,13,13,13,181,2018-01-10T20:01:29Z,2018-01-10T20:59:20Z,50.80110497237552,50.6,51,181,2018-01-10T20:01:29Z,2018-01-10T20:59:20Z,3,3,3,4,2018-01-10T20:00:13Z,2018-01-10T20:45:03Z,93,93,93,4,2018-01-10T20:00:13Z,2018-01-10T20:45:03Z
2018-01-10T21:00:00.000Z,2018-01-10T22:00:00.000Z,13.30977777777775,13,13.8,225,2018-01-10T21:00:08Z,2018-01-10T21:59:59Z,51.2693333333334,50.5,51.9,225,2018-01-10T21:00:08Z,2018-01-10T21:59:59Z,3,3,3,4,2018-01-10T21:00:02Z,2018-01-10T21:45:01Z,93,93,93,4,2018-01-10T21:00:02Z,2018-01-10T21:45:01Z
2018-01-10T22:00:00.000Z,2018-01-10T23:00:00.000Z,14.037333333333258,13.8,14.2,225,2018-01-10T22:00:11Z,2018-01-10T22:59:26Z,49.824888888888864,49.1,50.5,225,2018-01-10T22:00:11Z,2018-01-10T22:59:26Z,2.25,2,3,4,2018-01-10T22:00:02Z,2018-01-10T22:45:01Z,99.25,97,100,4,2018-01-10T22:00:02Z,2018-01-10T22:45:01Z
2018-01-10T23:00:00.000Z,2018-01-11T00:00:00.000Z,13.980909090909144,13.8,14.2,220,2018-01-10T23:00:02Z,2018-01-10T23:59:52Z,49.0668181818184,49,49.3,220,2018-01-10T23:00:02Z,2018-01-10T23:59:52Z,2,2,2,4,2018-01-10T23:00:02Z,2018-01-10T23:45:11Z,100,100,100,4,2018-01-10T23:00:02Z,2018-01-10T23:45:11Z
2018-01-11T00:00:00.000Z,2018-01-11T01:00:00.000Z,13.725888324873074,13.7,13.8,197,2018-01-11T00:00:16Z,2018-01-11T00:59:55Z,49.442131979695404,49.3,49.5,197,2018-01-11T00:00:16Z,2018-01-11T00:59:55Z,2,2,2,4,2018-01-11T00:00:02Z,2018-01-11T00:45:02Z,100,100,100,4,2018-01-11T00:00:02Z,2018-01-11T00:45:02Z
2018-01-11T01:00:00.000Z,2018-01-11T02:00:00.000Z,13.545283018867925,13.5,13.7,212,2018-01-11T01:00:07Z,2018-01-11T01:59:58Z,49.56698113207569,49.5,49.6,212,2018-01-11T01:00:07Z,2018-01-11T01:59:58Z,2,2,2,4,2018-01-11T01:00:02Z,2018-01-11T01:45:01Z,100,100,100,4,2018-01-11T01:00:02Z,2018-01-11T01:45:01Z
2018-01-11T02:00:00.000Z,2018-01-11T03:00:00.000Z,13.409909909909963,13.4,13.5,222,2018-01-11T02:00:10Z,2018-01-11T02:59:49Z,49.69324324324334,49.6,49.7,222,2018-01-11T02:00:10Z,2018-01-11T02:59:49Z,2,2,2,4,2018-01-11T02:00:01Z,2018-01-11T02:45:03Z,100,100,100,4,2018-01-11T02:00:01Z,2018-01-11T02:45:03Z
2018-01-11T03:00:00.000Z,2018-01-11T04:00:00.000Z,13.306018518518549,13.3,13.4,216,2018-01-11T03:00:01Z,2018-01-11T03:59:51Z,49.655092592592695,49.6,49.7,216,2018-01-11T03:00:01Z,2018-01-11T03:59:51Z,2,2,2,4,2018-01-11T03:00:03Z,2018-01-11T03:45:02Z,93,93,93,4,2018-01-11T03:00:03Z,2018-01-11T03:45:02Z
2018-01-11T04:00:00.000Z,2018-01-11T05:00:00.000Z,13.289861751152069,13.2,13.3,217,2018-01-11T04:00:03Z,2018-01-11T04:59:54Z,49.60000000000019,49.6,49.6,217,2018-01-11T04:00:03Z,2018-01-11T04:59:54Z,2.3,2,3.2,4,2018-01-11T04:00:02Z,2018-01-11T04:45:02Z,91.5,87,93,4,2018-01-11T04:00:02Z,2018-01-11T04:45:02Z
2018-01-11T05:00:00.000Z,2018-01-11T06:00:00.000Z,13.199999999999978,13.2,13.2,207,2018-01-11T05:00:18Z,2018-01-11T05:59:57Z,49.461835748792076,49.3,49.6,207,2018-01-11T05:00:18Z,2018-01-11T05:59:57Z,2.95,2,3.3,4,2018-01-11T05:00:12Z,2018-01-11T05:45:02Z,88.5,87,93,4,2018-01-11T05:00:12Z,2018-01-11T05:45:02Z
2018-01-11T06:00:00.000Z,2018-01-11T07:00:00.000Z,13.199065420560721,13.1,13.2,214,2018-01-11T06:00:21Z,2018-01-11T06:59:48Z,49.26074766355158,49.2,49.3,214,2018-01-11T06:00:21Z,2018-01-11T06:59:48Z,3.05,3,3.1,4,2018-01-11T06:00:18Z,2018-01-11T06:45:01Z,87,87,87,4,2018-01-11T06:00:18Z,2018-01-11T06:45:01Z
2018-01-11T07:00:00.000Z,2018-01-11T08:00:00.000Z,13.104166666666615,13.1,13.2,216,2018-01-11T07:00:00Z,2018-01-11T07:59:39Z,49.25601851851852,49.2,49.3,216,2018-01-11T07:00:00Z,2018-01-11T07:59:39Z,3.175,3.1,3.2,4,2018-01-11T07:00:09Z,2018-01-11T07:45:01Z,86.25,86,87,4,2018-01-11T07:00:09Z,2018-01-11T07:45:01Z
2018-01-11T08:00:00.000Z,2018-01-11T09:00:00.000Z,13.099999999999955,13.1,13.1,187,2018-01-11T08:00:15Z,2018-01-11T08:59:42Z,49.4058823529413,49.3,49.7,187,2018-01-11T08:00:15Z,2018-01-11T08:59:42Z,3.5,3.3,3.7,4,2018-01-11T08:00:18Z,2018-01-11T08:45:02Z,84.75,84,85,4,2018-01-11T08:00:18Z,2018-01-11T08:45:02Z
2018-01-11T09:00:00.000Z,2018-01-11T10:00:00.000Z,13.099999999999971,13.1,13.1,136,2018-01-11T09:00:54Z,2018-01-11T09:59:21Z,49.68676470588232,49.6,49.8,136,2018-01-11T09:00:54Z,2018-01-11T09:59:21Z,3.8249999999999997,3.8,3.9,4,2018-01-11T09:00:03Z,2018-01-11T09:45:02Z,84.25,84,85,4,2018-01-11T09:00:03Z,2018-01-11T09:45:02Z
2018-01-11T10:00:00.000Z,2018-01-11T11:00:00.000Z,13.099999999999973,13.1,13.1,131,2018-01-11T10:00:09Z,2018-01-11T10:59:48Z,49.48625954198465,49.3,49.6,131,2018-01-11T10:00:09Z,2018-01-11T10:59:48Z,4.2,4,4.3,4,2018-01-11T10:00:02Z,2018-01-11T10:45:02Z,83.25,83,84,4,2018-01-11T10:00:02Z,2018-01-11T10:45:02Z
2018-01-11T11:00:00.000Z,2018-01-11T12:00:00.000Z,13.09999999999997,13.1,13.1,141,2018-01-11T11:00:24Z,2018-01-11T11:59:03Z,49.25319148936166,49.1,49.3,141,2018-01-11T11:00:24Z,2018-01-11T11:59:03Z,4.074999999999999,4,4.2,4,2018-01-11T11:00:03Z,2018-01-11T11:45:02Z,83.75,83,84,4,2018-01-11T11:00:03Z,2018-01-11T11:45:02Z
2018-01-11T12:00:00.000Z,2018-01-11T13:00:00.000Z,13.099999999999982,13.1,13.1,116,2018-01-11T12:00:03Z,2018-01-11T12:59:53Z,49.10172413793109,49.1,49.2,116,2018-01-11T12:00:03Z,2018-01-11T12:59:53Z,4.625,4.4,4.8,4,2018-01-11T12:00:06Z,2018-01-11T12:45:03Z,81.75,81,82,4,2018-01-11T12:00:06Z,2018-01-11T12:45:03Z
2018-01-11T13:00:00.000Z,2018-01-11T14:00:00.000Z,13.099999999999968,13.1,13.1,142,2018-01-11T13:00:29Z,2018-01-11T13:59:32Z,49.100000000000115,49.1,49.1,142,2018-01-11T13:00:29Z,2018-01-11T13:59:32Z,5.275,5,5.5,4,2018-01-11T13:00:03Z,2018-01-11T13:45:02Z,80,80,80,4,2018-01-11T13:00:03Z,2018-01-11T13:45:02Z
2018-01-11T14:00:00.000Z,2018-01-11T15:00:00.000Z,13.099999999999971,13.1,13.1,137,2018-01-11T14:00:20Z,2018-01-11T14:59:59Z,49.148905109488936,49.1,49.2,137,2018-01-11T14:00:20Z,2018-01-11T14:59:59Z,5.5,5.5,5.5,4,2018-01-11T14:00:05Z,2018-01-11T14:45:03Z,81.75,81,82,4,2018-01-11T14:00:05Z,2018-01-11T14:45:03Z
2018-01-11T15:00:00.000Z,2018-01-11T16:00:00.000Z,13.100000000000014,13.1,13.1,63,2018-01-11T15:00:23Z,2018-01-11T15:45:01Z,49.236507936507955,49.2,49.8,63,2018-01-11T15:00:23Z,2018-01-11T15:45:01Z,5.300000000000001,5.1,5.5,4,2018-01-11T15:00:11Z,2018-01-11T15:45:01Z,83.25,83,84,4,2018-01-11T15:00:11Z,2018-01-11T15:45:01Z
2018-01-11T16:00:00.000Z,2018-01-11T17:00:00.000Z,14.79411764705882,13.4,15.9,136,2018-01-11T16:02:26Z,2018-01-11T16:58:40Z,50.28823529411769,49,51.7,136,2018-01-11T16:02:26Z,2018-01-11T16:58:40Z,5,5,5,4,2018-01-11T16:00:02Z,2018-01-11T16:45:02Z,84.5,84,85,4,2018-01-11T16:00:02Z,2018-01-11T16:45:02Z
2018-01-11T17:00:00.000Z,2018-01-11T18:00:00.000Z,17.079285714285703,15.9,17.7,140,2018-01-11T17:00:28Z,2018-01-11T17:59:42Z,47.144285714285715,45.9,48.9,140,2018-01-11T17:00:28Z,2018-01-11T17:59:42Z,4.75,4.6,4.9,4,2018-01-11T17:00:12Z,2018-01-11T17:45:02Z,86.25,86,87,4,2018-01-11T17:00:12Z,2018-01-11T17:45:02Z
2018-01-11T18:00:00.000Z,2018-01-11T19:00:00.000Z,18.25281385281385,17.7,18.6,231,2018-01-11T18:00:06Z,2018-01-11T18:59:43Z,45.83896103896116,45.5,46.5,231,2018-01-11T18:00:06Z,2018-01-11T18:59:43Z,4.375,4.2,4.5,4,2018-01-11T18:00:02Z,2018-01-11T18:45:02Z,88.25,87,89,4,2018-01-11T18:00:02Z,2018-01-11T18:45:02Z
2018-01-11T19:00:00.000Z,2018-01-11T20:00:00.000Z,18.24487632508832,17.8,18.5,283,2018-01-11T19:00:07Z,2018-01-11T19:59:56Z,44.983745583039024,44.6,45.5,283,2018-01-11T19:00:07Z,2018-01-11T19:59:56Z,4.775,4.4,5,4,2018-01-11T19:00:20Z,2018-01-11T19:45:02Z,87.75,87,89,4,2018-01-11T19:00:20Z,2018-01-11T19:45:02Z
2018-01-11T20:00:00.000Z,2018-01-11T21:00:00.000Z,17.59999999999999,17.5,17.8,289,2018-01-11T20:00:08Z,2018-01-11T20:59:57Z,44.8775086505191,44.6,45.1,289,2018-01-11T20:00:08Z,2018-01-11T20:59:57Z,4.8,4.8,4.8,4,2018-01-11T20:00:10Z,2018-01-11T20:45:02Z,90.25,90,91,4,2018-01-11T20:00:10Z,2018-01-11T20:45:02Z
2018-01-11T21:00:00.000Z,2018-01-11T22:00:00.000Z,17.781021897810316,17.7,17.8,274,2018-01-11T21:00:09Z,2018-01-11T21:59:58Z,44.358394160584005,44,44.7,274,2018-01-11T21:00:09Z,2018-01-11T21:59:58Z,4.85,4.8,4.9,4,2018-01-11T21:00:03Z,2018-01-11T21:45:02Z,90.25,90,91,4,2018-01-11T21:00:03Z,2018-01-11T21:45:02Z
2018-01-11T22:00:00.000Z,2018-01-11T23:00:00.000Z,17.560142348754447,17.1,17.8,281,2018-01-11T22:00:10Z,2018-01-11T22:59:59Z,44.047686832740084,43.7,44.4,281,2018-01-11T22:00:10Z,2018-01-11T22:59:59Z,4.375,4,4.8,4,2018-01-11T22:00:12Z,2018-01-11T22:45:02Z,91.25,90,92,4,2018-01-11T22:00:12Z,2018-01-11T22:45:02Z
2018-01-11T23:00:00.000Z,2018-01-12T00:00:00.000Z,16.668512110726592,16.3,17.1,289,2018-01-11T23:00:11Z,2018-01-11T23:59:48Z,44.819377162629806,44.4,45.2,289,2018-01-11T23:00:11Z,2018-01-11T23:59:48Z,4.35,4,4.7,4,2018-01-11T23:00:26Z,2018-01-11T23:45:02Z,91.25,91,92,4,2018-01-11T23:00:26Z,2018-01-11T23:45:02Z
